cycle_id,timestamp,folder,category,colormap_code,filename,filepath
0052,2026-07-18 08:30 UTC,20260718T0830Z,airmass,01_grayr,20260718T0830Z_airmass_01_grayr.png,20260718T0830Z\composites_40\airmass\20260718T0830Z_airmass_01_grayr.png
0052,2026-07-18 08:30 UTC,20260718T0830Z,airmass,02_gray,20260718T0830Z_airmass_02_gray.png,20260718T0830Z\composites_40\airmass\20260718T0830Z_airmass_02_gray.png
0052,2026-07-18 08:30 UTC,20260718T0830Z,airmass,03_jet,20260718T0830Z_airmass_03_jet.png,20260718T0830Z\composites_40\airmass\20260718T0830Z_airmass_03_jet.png
0052,2026-07-18 08:30 UTC,20260718T0830Z,airmass,04_hsv,20260718T0830Z_airmass_04_hsv.png,20260718T0830Z\composites_40\airmass\20260718T0830Z_airmass_04_hsv.png
0052,2026-07-18 08:30 UTC,20260718T0830Z,airmass,05_inferno,20260718T0830Z_airmass_05_inferno.png,20260718T0830Z\composites_40\airmass\20260718T0830Z_airmass_05_inferno.png
0052,2026-07-18 08:30 UTC,20260718T0830Z,airmass,06_magma,20260718T0830Z_airmass_06_magma.png,20260718T0830Z\composites_40\airmass\20260718T0830Z_airmass_06_magma.png
0052,2026-07-18 08:30 UTC,20260718T0830Z,airmass,07_plasma,20260718T0830Z_airmass_07_plasma.png,20260718T0830Z\composites_40\airmass\20260718T0830Z_airmass_07_plasma.png
0052,2026-07-18 08:30 UTC,20260718T0830Z,airmass,08_viridis,20260718T0830Z_airmass_08_viridis.png,20260718T0830Z\composites_40\airmass\20260718T0830Z_airmass_08_viridis.png
0052,2026-07-18 08:30 UTC,20260718T0830Z,airmass,09_cividis,20260718T0830Z_airmass_09_cividis.png,20260718T0830Z\composites_40\airmass\20260718T0830Z_airmass_09_cividis.png
0052,2026-07-18 08:30 UTC,20260718T0830Z,airmass,10_spectral,20260718T0830Z_airmass_10_spectral.png,20260718T0830Z\composites_40\airmass\20260718T0830Z_airmass_10_spectral.png
0052,2026-07-18 08:30 UTC,20260718T0830Z,airmass,11_spectralr,20260718T0830Z_airmass_11_spectralr.png,20260718T0830Z\composites_40\airmass\20260718T0830Z_airmass_11_spectralr.png
0052,2026-07-18 08:30 UTC,20260718T0830Z,airmass,12_rdylbu,20260718T0830Z_airmass_12_rdylbu.png,20260718T0830Z\composites_40\airmass\20260718T0830Z_airmass_12_rdylbu.png
0052,2026-07-18 08:30 UTC,20260718T0830Z,airmass,13_rdylbur,20260718T0830Z_airmass_13_rdylbur.png,20260718T0830Z\composites_40\airmass\20260718T0830Z_airmass_13_rdylbur.png
0052,2026-07-18 08:30 UTC,20260718T0830Z,airmass,14_coolwarm,20260718T0830Z_airmass_14_coolwarm.png,20260718T0830Z\composites_40\airmass\20260718T0830Z_airmass_14_coolwarm.png
0052,2026-07-18 08:30 UTC,20260718T0830Z,airmass,15_bwr,20260718T0830Z_airmass_15_bwr.png,20260718T0830Z\composites_40\airmass\20260718T0830Z_airmass_15_bwr.png
0052,2026-07-18 08:30 UTC,20260718T0830Z,airmass,16_seismic,20260718T0830Z_airmass_16_seismic.png,20260718T0830Z\composites_40\airmass\20260718T0830Z_airmass_16_seismic.png
0052,2026-07-18 08:30 UTC,20260718T0830Z,airmass,17_ylorrd,20260718T0830Z_airmass_17_ylorrd.png,20260718T0830Z\composites_40\airmass\20260718T0830Z_airmass_17_ylorrd.png
0052,2026-07-18 08:30 UTC,20260718T0830Z,airmass,18_ylorrd_r,20260718T0830Z_airmass_18_ylorrd_r.png,20260718T0830Z\composites_40\airmass\20260718T0830Z_airmass_18_ylorrd_r.png
0052,2026-07-18 08:30 UTC,20260718T0830Z,airmass,19_hot,20260718T0830Z_airmass_19_hot.png,20260718T0830Z\composites_40\airmass\20260718T0830Z_airmass_19_hot.png
0052,2026-07-18 08:30 UTC,20260718T0830Z,airmass,20_hotr,20260718T0830Z_airmass_20_hotr.png,20260718T0830Z\composites_40\airmass\20260718T0830Z_airmass_20_hotr.png
0052,2026-07-18 08:30 UTC,20260718T0830Z,airmass,21_afmhot,20260718T0830Z_airmass_21_afmhot.png,20260718T0830Z\composites_40\airmass\20260718T0830Z_airmass_21_afmhot.png
0052,2026-07-18 08:30 UTC,20260718T0830Z,airmass,22_gist_heat,20260718T0830Z_airmass_22_gist_heat.png,20260718T0830Z\composites_40\airmass\20260718T0830Z_airmass_22_gist_heat.png
0052,2026-07-18 08:30 UTC,20260718T0830Z,airmass,23_copper,20260718T0830Z_airmass_23_copper.png,20260718T0830Z\composites_40\airmass\20260718T0830Z_airmass_23_copper.png
0052,2026-07-18 08:30 UTC,20260718T0830Z,airmass,24_autumn,20260718T0830Z_airmass_24_autumn.png,20260718T0830Z\composites_40\airmass\20260718T0830Z_airmass_24_autumn.png
0052,2026-07-18 08:30 UTC,20260718T0830Z,airmass,25_summer,20260718T0830Z_airmass_25_summer.png,20260718T0830Z\composites_40\airmass\20260718T0830Z_airmass_25_summer.png
0052,2026-07-18 08:30 UTC,20260718T0830Z,airmass,26_spring,20260718T0830Z_airmass_26_spring.png,20260718T0830Z\composites_40\airmass\20260718T0830Z_airmass_26_spring.png
0052,2026-07-18 08:30 UTC,20260718T0830Z,airmass,27_winter,20260718T0830Z_airmass_27_winter.png,20260718T0830Z\composites_40\airmass\20260718T0830Z_airmass_27_winter.png
0052,2026-07-18 08:30 UTC,20260718T0830Z,airmass,28_ocean,20260718T0830Z_airmass_28_ocean.png,20260718T0830Z\composites_40\airmass\20260718T0830Z_airmass_28_ocean.png
0052,2026-07-18 08:30 UTC,20260718T0830Z,airmass,29_terrain,20260718T0830Z_airmass_29_terrain.png,20260718T0830Z\composites_40\airmass\20260718T0830Z_airmass_29_terrain.png
0052,2026-07-18 08:30 UTC,20260718T0830Z,airmass,30_gist_earth,20260718T0830Z_airmass_30_gist_earth.png,20260718T0830Z\composites_40\airmass\20260718T0830Z_airmass_30_gist_earth.png
0052,2026-07-18 08:30 UTC,20260718T0830Z,airmass,31_gist_ncar,20260718T0830Z_airmass_31_gist_ncar.png,20260718T0830Z\composites_40\airmass\20260718T0830Z_airmass_31_gist_ncar.png
0052,2026-07-18 08:30 UTC,20260718T0830Z,airmass,32_gist_rainbow,20260718T0830Z_airmass_32_gist_rainbow.png,20260718T0830Z\composites_40\airmass\20260718T0830Z_airmass_32_gist_rainbow.png
0052,2026-07-18 08:30 UTC,20260718T0830Z,airmass,33_nipy_spectral,20260718T0830Z_airmass_33_nipy_spectral.png,20260718T0830Z\composites_40\airmass\20260718T0830Z_airmass_33_nipy_spectral.png
0052,2026-07-18 08:30 UTC,20260718T0830Z,airmass,34_turbo,20260718T0830Z_airmass_34_turbo.png,20260718T0830Z\composites_40\airmass\20260718T0830Z_airmass_34_turbo.png
0052,2026-07-18 08:30 UTC,20260718T0830Z,airmass,35_gnuplot,20260718T0830Z_airmass_35_gnuplot.png,20260718T0830Z\composites_40\airmass\20260718T0830Z_airmass_35_gnuplot.png
0052,2026-07-18 08:30 UTC,20260718T0830Z,airmass,36_gnuplot2,20260718T0830Z_airmass_36_gnuplot2.png,20260718T0830Z\composites_40\airmass\20260718T0830Z_airmass_36_gnuplot2.png
0052,2026-07-18 08:30 UTC,20260718T0830Z,airmass,37_cmrmap,20260718T0830Z_airmass_37_cmrmap.png,20260718T0830Z\composites_40\airmass\20260718T0830Z_airmass_37_cmrmap.png
0052,2026-07-18 08:30 UTC,20260718T0830Z,airmass,38_cubehelix,20260718T0830Z_airmass_38_cubehelix.png,20260718T0830Z\composites_40\airmass\20260718T0830Z_airmass_38_cubehelix.png
0052,2026-07-18 08:30 UTC,20260718T0830Z,airmass,39_brg,20260718T0830Z_airmass_39_brg.png,20260718T0830Z\composites_40\airmass\20260718T0830Z_airmass_39_brg.png
0052,2026-07-18 08:30 UTC,20260718T0830Z,airmass,40_tab20b,20260718T0830Z_airmass_40_tab20b.png,20260718T0830Z\composites_40\airmass\20260718T0830Z_airmass_40_tab20b.png
0052,2026-07-18 08:30 UTC,20260718T0830Z,ash,01_grayr,20260718T0830Z_ash_01_grayr.png,20260718T0830Z\composites_40\ash\20260718T0830Z_ash_01_grayr.png
0052,2026-07-18 08:30 UTC,20260718T0830Z,ash,02_gray,20260718T0830Z_ash_02_gray.png,20260718T0830Z\composites_40\ash\20260718T0830Z_ash_02_gray.png
0052,2026-07-18 08:30 UTC,20260718T0830Z,ash,03_jet,20260718T0830Z_ash_03_jet.png,20260718T0830Z\composites_40\ash\20260718T0830Z_ash_03_jet.png
0052,2026-07-18 08:30 UTC,20260718T0830Z,ash,04_hsv,20260718T0830Z_ash_04_hsv.png,20260718T0830Z\composites_40\ash\20260718T0830Z_ash_04_hsv.png
0052,2026-07-18 08:30 UTC,20260718T0830Z,ash,05_inferno,20260718T0830Z_ash_05_inferno.png,20260718T0830Z\composites_40\ash\20260718T0830Z_ash_05_inferno.png
0052,2026-07-18 08:30 UTC,20260718T0830Z,ash,06_magma,20260718T0830Z_ash_06_magma.png,20260718T0830Z\composites_40\ash\20260718T0830Z_ash_06_magma.png
0052,2026-07-18 08:30 UTC,20260718T0830Z,ash,07_plasma,20260718T0830Z_ash_07_plasma.png,20260718T0830Z\composites_40\ash\20260718T0830Z_ash_07_plasma.png
0052,2026-07-18 08:30 UTC,20260718T0830Z,ash,08_viridis,20260718T0830Z_ash_08_viridis.png,20260718T0830Z\composites_40\ash\20260718T0830Z_ash_08_viridis.png
0052,2026-07-18 08:30 UTC,20260718T0830Z,ash,09_cividis,20260718T0830Z_ash_09_cividis.png,20260718T0830Z\composites_40\ash\20260718T0830Z_ash_09_cividis.png
0052,2026-07-18 08:30 UTC,20260718T0830Z,ash,10_spectral,20260718T0830Z_ash_10_spectral.png,20260718T0830Z\composites_40\ash\20260718T0830Z_ash_10_spectral.png
0052,2026-07-18 08:30 UTC,20260718T0830Z,ash,11_spectralr,20260718T0830Z_ash_11_spectralr.png,20260718T0830Z\composites_40\ash\20260718T0830Z_ash_11_spectralr.png
0052,2026-07-18 08:30 UTC,20260718T0830Z,ash,12_rdylbu,20260718T0830Z_ash_12_rdylbu.png,20260718T0830Z\composites_40\ash\20260718T0830Z_ash_12_rdylbu.png
0052,2026-07-18 08:30 UTC,20260718T0830Z,ash,13_rdylbur,20260718T0830Z_ash_13_rdylbur.png,20260718T0830Z\composites_40\ash\20260718T0830Z_ash_13_rdylbur.png
0052,2026-07-18 08:30 UTC,20260718T0830Z,ash,14_coolwarm,20260718T0830Z_ash_14_coolwarm.png,20260718T0830Z\composites_40\ash\20260718T0830Z_ash_14_coolwarm.png
0052,2026-07-18 08:30 UTC,20260718T0830Z,ash,15_bwr,20260718T0830Z_ash_15_bwr.png,20260718T0830Z\composites_40\ash\20260718T0830Z_ash_15_bwr.png
0052,2026-07-18 08:30 UTC,20260718T0830Z,ash,16_seismic,20260718T0830Z_ash_16_seismic.png,20260718T0830Z\composites_40\ash\20260718T0830Z_ash_16_seismic.png
0052,2026-07-18 08:30 UTC,20260718T0830Z,ash,17_ylorrd,20260718T0830Z_ash_17_ylorrd.png,20260718T0830Z\composites_40\ash\20260718T0830Z_ash_17_ylorrd.png
0052,2026-07-18 08:30 UTC,20260718T0830Z,ash,18_ylorrd_r,20260718T0830Z_ash_18_ylorrd_r.png,20260718T0830Z\composites_40\ash\20260718T0830Z_ash_18_ylorrd_r.png
0052,2026-07-18 08:30 UTC,20260718T0830Z,ash,19_hot,20260718T0830Z_ash_19_hot.png,20260718T0830Z\composites_40\ash\20260718T0830Z_ash_19_hot.png
0052,2026-07-18 08:30 UTC,20260718T0830Z,ash,20_hotr,20260718T0830Z_ash_20_hotr.png,20260718T0830Z\composites_40\ash\20260718T0830Z_ash_20_hotr.png
0052,2026-07-18 08:30 UTC,20260718T0830Z,ash,21_afmhot,20260718T0830Z_ash_21_afmhot.png,20260718T0830Z\composites_40\ash\20260718T0830Z_ash_21_afmhot.png
0052,2026-07-18 08:30 UTC,20260718T0830Z,ash,22_gist_heat,20260718T0830Z_ash_22_gist_heat.png,20260718T0830Z\composites_40\ash\20260718T0830Z_ash_22_gist_heat.png
0052,2026-07-18 08:30 UTC,20260718T0830Z,ash,23_copper,20260718T0830Z_ash_23_copper.png,20260718T0830Z\composites_40\ash\20260718T0830Z_ash_23_copper.png
0052,2026-07-18 08:30 UTC,20260718T0830Z,ash,24_autumn,20260718T0830Z_ash_24_autumn.png,20260718T0830Z\composites_40\ash\20260718T0830Z_ash_24_autumn.png
0052,2026-07-18 08:30 UTC,20260718T0830Z,ash,25_summer,20260718T0830Z_ash_25_summer.png,20260718T0830Z\composites_40\ash\20260718T0830Z_ash_25_summer.png
0052,2026-07-18 08:30 UTC,20260718T0830Z,ash,26_spring,20260718T0830Z_ash_26_spring.png,20260718T0830Z\composites_40\ash\20260718T0830Z_ash_26_spring.png
0052,2026-07-18 08:30 UTC,20260718T0830Z,ash,27_winter,20260718T0830Z_ash_27_winter.png,20260718T0830Z\composites_40\ash\20260718T0830Z_ash_27_winter.png
0052,2026-07-18 08:30 UTC,20260718T0830Z,ash,28_ocean,20260718T0830Z_ash_28_ocean.png,20260718T0830Z\composites_40\ash\20260718T0830Z_ash_28_ocean.png
0052,2026-07-18 08:30 UTC,20260718T0830Z,ash,29_terrain,20260718T0830Z_ash_29_terrain.png,20260718T0830Z\composites_40\ash\20260718T0830Z_ash_29_terrain.png
0052,2026-07-18 08:30 UTC,20260718T0830Z,ash,30_gist_earth,20260718T0830Z_ash_30_gist_earth.png,20260718T0830Z\composites_40\ash\20260718T0830Z_ash_30_gist_earth.png
0052,2026-07-18 08:30 UTC,20260718T0830Z,ash,31_gist_ncar,20260718T0830Z_ash_31_gist_ncar.png,20260718T0830Z\composites_40\ash\20260718T0830Z_ash_31_gist_ncar.png
0052,2026-07-18 08:30 UTC,20260718T0830Z,ash,32_gist_rainbow,20260718T0830Z_ash_32_gist_rainbow.png,20260718T0830Z\composites_40\ash\20260718T0830Z_ash_32_gist_rainbow.png
0052,2026-07-18 08:30 UTC,20260718T0830Z,ash,33_nipy_spectral,20260718T0830Z_ash_33_nipy_spectral.png,20260718T0830Z\composites_40\ash\20260718T0830Z_ash_33_nipy_spectral.png
0052,2026-07-18 08:30 UTC,20260718T0830Z,ash,34_turbo,20260718T0830Z_ash_34_turbo.png,20260718T0830Z\composites_40\ash\20260718T0830Z_ash_34_turbo.png
0052,2026-07-18 08:30 UTC,20260718T0830Z,ash,35_gnuplot,20260718T0830Z_ash_35_gnuplot.png,20260718T0830Z\composites_40\ash\20260718T0830Z_ash_35_gnuplot.png
0052,2026-07-18 08:30 UTC,20260718T0830Z,ash,36_gnuplot2,20260718T0830Z_ash_36_gnuplot2.png,20260718T0830Z\composites_40\ash\20260718T0830Z_ash_36_gnuplot2.png
0052,2026-07-18 08:30 UTC,20260718T0830Z,ash,37_cmrmap,20260718T0830Z_ash_37_cmrmap.png,20260718T0830Z\composites_40\ash\20260718T0830Z_ash_37_cmrmap.png
0052,2026-07-18 08:30 UTC,20260718T0830Z,ash,38_cubehelix,20260718T0830Z_ash_38_cubehelix.png,20260718T0830Z\composites_40\ash\20260718T0830Z_ash_38_cubehelix.png
0052,2026-07-18 08:30 UTC,20260718T0830Z,ash,39_brg,20260718T0830Z_ash_39_brg.png,20260718T0830Z\composites_40\ash\20260718T0830Z_ash_39_brg.png
0052,2026-07-18 08:30 UTC,20260718T0830Z,ash,40_tab20b,20260718T0830Z_ash_40_tab20b.png,20260718T0830Z\composites_40\ash\20260718T0830Z_ash_40_tab20b.png
0052,2026-07-18 08:30 UTC,20260718T0830Z,colorized_ir_clouds,01_grayr,20260718T0830Z_colorized_ir_clouds_01_grayr.png,20260718T0830Z\composites_40\colorized_ir_clouds\20260718T0830Z_colorized_ir_clouds_01_grayr.png
0052,2026-07-18 08:30 UTC,20260718T0830Z,colorized_ir_clouds,02_gray,20260718T0830Z_colorized_ir_clouds_02_gray.png,20260718T0830Z\composites_40\colorized_ir_clouds\20260718T0830Z_colorized_ir_clouds_02_gray.png
0052,2026-07-18 08:30 UTC,20260718T0830Z,colorized_ir_clouds,03_jet,20260718T0830Z_colorized_ir_clouds_03_jet.png,20260718T0830Z\composites_40\colorized_ir_clouds\20260718T0830Z_colorized_ir_clouds_03_jet.png
0052,2026-07-18 08:30 UTC,20260718T0830Z,colorized_ir_clouds,04_hsv,20260718T0830Z_colorized_ir_clouds_04_hsv.png,20260718T0830Z\composites_40\colorized_ir_clouds\20260718T0830Z_colorized_ir_clouds_04_hsv.png
0052,2026-07-18 08:30 UTC,20260718T0830Z,colorized_ir_clouds,05_inferno,20260718T0830Z_colorized_ir_clouds_05_inferno.png,20260718T0830Z\composites_40\colorized_ir_clouds\20260718T0830Z_colorized_ir_clouds_05_inferno.png
0052,2026-07-18 08:30 UTC,20260718T0830Z,colorized_ir_clouds,06_magma,20260718T0830Z_colorized_ir_clouds_06_magma.png,20260718T0830Z\composites_40\colorized_ir_clouds\20260718T0830Z_colorized_ir_clouds_06_magma.png
0052,2026-07-18 08:30 UTC,20260718T0830Z,colorized_ir_clouds,07_plasma,20260718T0830Z_colorized_ir_clouds_07_plasma.png,20260718T0830Z\composites_40\colorized_ir_clouds\20260718T0830Z_colorized_ir_clouds_07_plasma.png
0052,2026-07-18 08:30 UTC,20260718T0830Z,colorized_ir_clouds,08_viridis,20260718T0830Z_colorized_ir_clouds_08_viridis.png,20260718T0830Z\composites_40\colorized_ir_clouds\20260718T0830Z_colorized_ir_clouds_08_viridis.png
0052,2026-07-18 08:30 UTC,20260718T0830Z,colorized_ir_clouds,09_cividis,20260718T0830Z_colorized_ir_clouds_09_cividis.png,20260718T0830Z\composites_40\colorized_ir_clouds\20260718T0830Z_colorized_ir_clouds_09_cividis.png
0052,2026-07-18 08:30 UTC,20260718T0830Z,colorized_ir_clouds,10_spectral,20260718T0830Z_colorized_ir_clouds_10_spectral.png,20260718T0830Z\composites_40\colorized_ir_clouds\20260718T0830Z_colorized_ir_clouds_10_spectral.png
0052,2026-07-18 08:30 UTC,20260718T0830Z,colorized_ir_clouds,11_spectralr,20260718T0830Z_colorized_ir_clouds_11_spectralr.png,20260718T0830Z\composites_40\colorized_ir_clouds\20260718T0830Z_colorized_ir_clouds_11_spectralr.png
0052,2026-07-18 08:30 UTC,20260718T0830Z,colorized_ir_clouds,12_rdylbu,20260718T0830Z_colorized_ir_clouds_12_rdylbu.png,20260718T0830Z\composites_40\colorized_ir_clouds\20260718T0830Z_colorized_ir_clouds_12_rdylbu.png
0052,2026-07-18 08:30 UTC,20260718T0830Z,colorized_ir_clouds,13_rdylbur,20260718T0830Z_colorized_ir_clouds_13_rdylbur.png,20260718T0830Z\composites_40\colorized_ir_clouds\20260718T0830Z_colorized_ir_clouds_13_rdylbur.png
0052,2026-07-18 08:30 UTC,20260718T0830Z,colorized_ir_clouds,14_coolwarm,20260718T0830Z_colorized_ir_clouds_14_coolwarm.png,20260718T0830Z\composites_40\colorized_ir_clouds\20260718T0830Z_colorized_ir_clouds_14_coolwarm.png
0052,2026-07-18 08:30 UTC,20260718T0830Z,colorized_ir_clouds,15_bwr,20260718T0830Z_colorized_ir_clouds_15_bwr.png,20260718T0830Z\composites_40\colorized_ir_clouds\20260718T0830Z_colorized_ir_clouds_15_bwr.png
0052,2026-07-18 08:30 UTC,20260718T0830Z,colorized_ir_clouds,16_seismic,20260718T0830Z_colorized_ir_clouds_16_seismic.png,20260718T0830Z\composites_40\colorized_ir_clouds\20260718T0830Z_colorized_ir_clouds_16_seismic.png
0052,2026-07-18 08:30 UTC,20260718T0830Z,colorized_ir_clouds,17_ylorrd,20260718T0830Z_colorized_ir_clouds_17_ylorrd.png,20260718T0830Z\composites_40\colorized_ir_clouds\20260718T0830Z_colorized_ir_clouds_17_ylorrd.png
0052,2026-07-18 08:30 UTC,20260718T0830Z,colorized_ir_clouds,18_ylorrd_r,20260718T0830Z_colorized_ir_clouds_18_ylorrd_r.png,20260718T0830Z\composites_40\colorized_ir_clouds\20260718T0830Z_colorized_ir_clouds_18_ylorrd_r.png
0052,2026-07-18 08:30 UTC,20260718T0830Z,colorized_ir_clouds,19_hot,20260718T0830Z_colorized_ir_clouds_19_hot.png,20260718T0830Z\composites_40\colorized_ir_clouds\20260718T0830Z_colorized_ir_clouds_19_hot.png
0052,2026-07-18 08:30 UTC,20260718T0830Z,colorized_ir_clouds,20_hotr,20260718T0830Z_colorized_ir_clouds_20_hotr.png,20260718T0830Z\composites_40\colorized_ir_clouds\20260718T0830Z_colorized_ir_clouds_20_hotr.png
0052,2026-07-18 08:30 UTC,20260718T0830Z,colorized_ir_clouds,21_afmhot,20260718T0830Z_colorized_ir_clouds_21_afmhot.png,20260718T0830Z\composites_40\colorized_ir_clouds\20260718T0830Z_colorized_ir_clouds_21_afmhot.png
0052,2026-07-18 08:30 UTC,20260718T0830Z,colorized_ir_clouds,22_gist_heat,20260718T0830Z_colorized_ir_clouds_22_gist_heat.png,20260718T0830Z\composites_40\colorized_ir_clouds\20260718T0830Z_colorized_ir_clouds_22_gist_heat.png
0052,2026-07-18 08:30 UTC,20260718T0830Z,colorized_ir_clouds,23_copper,20260718T0830Z_colorized_ir_clouds_23_copper.png,20260718T0830Z\composites_40\colorized_ir_clouds\20260718T0830Z_colorized_ir_clouds_23_copper.png
0052,2026-07-18 08:30 UTC,20260718T0830Z,colorized_ir_clouds,24_autumn,20260718T0830Z_colorized_ir_clouds_24_autumn.png,20260718T0830Z\composites_40\colorized_ir_clouds\20260718T0830Z_colorized_ir_clouds_24_autumn.png
0052,2026-07-18 08:30 UTC,20260718T0830Z,colorized_ir_clouds,25_summer,20260718T0830Z_colorized_ir_clouds_25_summer.png,20260718T0830Z\composites_40\colorized_ir_clouds\20260718T0830Z_colorized_ir_clouds_25_summer.png
0052,2026-07-18 08:30 UTC,20260718T0830Z,colorized_ir_clouds,26_spring,20260718T0830Z_colorized_ir_clouds_26_spring.png,20260718T0830Z\composites_40\colorized_ir_clouds\20260718T0830Z_colorized_ir_clouds_26_spring.png
0052,2026-07-18 08:30 UTC,20260718T0830Z,colorized_ir_clouds,27_winter,20260718T0830Z_colorized_ir_clouds_27_winter.png,20260718T0830Z\composites_40\colorized_ir_clouds\20260718T0830Z_colorized_ir_clouds_27_winter.png
0052,2026-07-18 08:30 UTC,20260718T0830Z,colorized_ir_clouds,28_ocean,20260718T0830Z_colorized_ir_clouds_28_ocean.png,20260718T0830Z\composites_40\colorized_ir_clouds\20260718T0830Z_colorized_ir_clouds_28_ocean.png
0052,2026-07-18 08:30 UTC,20260718T0830Z,colorized_ir_clouds,29_terrain,20260718T0830Z_colorized_ir_clouds_29_terrain.png,20260718T0830Z\composites_40\colorized_ir_clouds\20260718T0830Z_colorized_ir_clouds_29_terrain.png
0052,2026-07-18 08:30 UTC,20260718T0830Z,colorized_ir_clouds,30_gist_earth,20260718T0830Z_colorized_ir_clouds_30_gist_earth.png,20260718T0830Z\composites_40\colorized_ir_clouds\20260718T0830Z_colorized_ir_clouds_30_gist_earth.png
0052,2026-07-18 08:30 UTC,20260718T0830Z,colorized_ir_clouds,31_gist_ncar,20260718T0830Z_colorized_ir_clouds_31_gist_ncar.png,20260718T0830Z\composites_40\colorized_ir_clouds\20260718T0830Z_colorized_ir_clouds_31_gist_ncar.png
0052,2026-07-18 08:30 UTC,20260718T0830Z,colorized_ir_clouds,32_gist_rainbow,20260718T0830Z_colorized_ir_clouds_32_gist_rainbow.png,20260718T0830Z\composites_40\colorized_ir_clouds\20260718T0830Z_colorized_ir_clouds_32_gist_rainbow.png
0052,2026-07-18 08:30 UTC,20260718T0830Z,colorized_ir_clouds,33_nipy_spectral,20260718T0830Z_colorized_ir_clouds_33_nipy_spectral.png,20260718T0830Z\composites_40\colorized_ir_clouds\20260718T0830Z_colorized_ir_clouds_33_nipy_spectral.png
0052,2026-07-18 08:30 UTC,20260718T0830Z,colorized_ir_clouds,34_turbo,20260718T0830Z_colorized_ir_clouds_34_turbo.png,20260718T0830Z\composites_40\colorized_ir_clouds\20260718T0830Z_colorized_ir_clouds_34_turbo.png
0052,2026-07-18 08:30 UTC,20260718T0830Z,colorized_ir_clouds,35_gnuplot,20260718T0830Z_colorized_ir_clouds_35_gnuplot.png,20260718T0830Z\composites_40\colorized_ir_clouds\20260718T0830Z_colorized_ir_clouds_35_gnuplot.png
0052,2026-07-18 08:30 UTC,20260718T0830Z,colorized_ir_clouds,36_gnuplot2,20260718T0830Z_colorized_ir_clouds_36_gnuplot2.png,20260718T0830Z\composites_40\colorized_ir_clouds\20260718T0830Z_colorized_ir_clouds_36_gnuplot2.png
0052,2026-07-18 08:30 UTC,20260718T0830Z,colorized_ir_clouds,37_cmrmap,20260718T0830Z_colorized_ir_clouds_37_cmrmap.png,20260718T0830Z\composites_40\colorized_ir_clouds\20260718T0830Z_colorized_ir_clouds_37_cmrmap.png
0052,2026-07-18 08:30 UTC,20260718T0830Z,colorized_ir_clouds,38_cubehelix,20260718T0830Z_colorized_ir_clouds_38_cubehelix.png,20260718T0830Z\composites_40\colorized_ir_clouds\20260718T0830Z_colorized_ir_clouds_38_cubehelix.png
0052,2026-07-18 08:30 UTC,20260718T0830Z,colorized_ir_clouds,39_brg,20260718T0830Z_colorized_ir_clouds_39_brg.png,20260718T0830Z\composites_40\colorized_ir_clouds\20260718T0830Z_colorized_ir_clouds_39_brg.png
0052,2026-07-18 08:30 UTC,20260718T0830Z,colorized_ir_clouds,40_tab20b,20260718T0830Z_colorized_ir_clouds_40_tab20b.png,20260718T0830Z\composites_40\colorized_ir_clouds\20260718T0830Z_colorized_ir_clouds_40_tab20b.png
0052,2026-07-18 08:30 UTC,20260718T0830Z,convection,01_grayr,20260718T0830Z_convection_01_grayr.png,20260718T0830Z\composites_40\convection\20260718T0830Z_convection_01_grayr.png
0052,2026-07-18 08:30 UTC,20260718T0830Z,convection,02_gray,20260718T0830Z_convection_02_gray.png,20260718T0830Z\composites_40\convection\20260718T0830Z_convection_02_gray.png
0052,2026-07-18 08:30 UTC,20260718T0830Z,convection,03_jet,20260718T0830Z_convection_03_jet.png,20260718T0830Z\composites_40\convection\20260718T0830Z_convection_03_jet.png
0052,2026-07-18 08:30 UTC,20260718T0830Z,convection,04_hsv,20260718T0830Z_convection_04_hsv.png,20260718T0830Z\composites_40\convection\20260718T0830Z_convection_04_hsv.png
0052,2026-07-18 08:30 UTC,20260718T0830Z,convection,05_inferno,20260718T0830Z_convection_05_inferno.png,20260718T0830Z\composites_40\convection\20260718T0830Z_convection_05_inferno.png
0052,2026-07-18 08:30 UTC,20260718T0830Z,convection,06_magma,20260718T0830Z_convection_06_magma.png,20260718T0830Z\composites_40\convection\20260718T0830Z_convection_06_magma.png
0052,2026-07-18 08:30 UTC,20260718T0830Z,convection,07_plasma,20260718T0830Z_convection_07_plasma.png,20260718T0830Z\composites_40\convection\20260718T0830Z_convection_07_plasma.png
0052,2026-07-18 08:30 UTC,20260718T0830Z,convection,08_viridis,20260718T0830Z_convection_08_viridis.png,20260718T0830Z\composites_40\convection\20260718T0830Z_convection_08_viridis.png
0052,2026-07-18 08:30 UTC,20260718T0830Z,convection,09_cividis,20260718T0830Z_convection_09_cividis.png,20260718T0830Z\composites_40\convection\20260718T0830Z_convection_09_cividis.png
0052,2026-07-18 08:30 UTC,20260718T0830Z,convection,10_spectral,20260718T0830Z_convection_10_spectral.png,20260718T0830Z\composites_40\convection\20260718T0830Z_convection_10_spectral.png
0052,2026-07-18 08:30 UTC,20260718T0830Z,convection,11_spectralr,20260718T0830Z_convection_11_spectralr.png,20260718T0830Z\composites_40\convection\20260718T0830Z_convection_11_spectralr.png
0052,2026-07-18 08:30 UTC,20260718T0830Z,convection,12_rdylbu,20260718T0830Z_convection_12_rdylbu.png,20260718T0830Z\composites_40\convection\20260718T0830Z_convection_12_rdylbu.png
0052,2026-07-18 08:30 UTC,20260718T0830Z,convection,13_rdylbur,20260718T0830Z_convection_13_rdylbur.png,20260718T0830Z\composites_40\convection\20260718T0830Z_convection_13_rdylbur.png
0052,2026-07-18 08:30 UTC,20260718T0830Z,convection,14_coolwarm,20260718T0830Z_convection_14_coolwarm.png,20260718T0830Z\composites_40\convection\20260718T0830Z_convection_14_coolwarm.png
0052,2026-07-18 08:30 UTC,20260718T0830Z,convection,15_bwr,20260718T0830Z_convection_15_bwr.png,20260718T0830Z\composites_40\convection\20260718T0830Z_convection_15_bwr.png
0052,2026-07-18 08:30 UTC,20260718T0830Z,convection,16_seismic,20260718T0830Z_convection_16_seismic.png,20260718T0830Z\composites_40\convection\20260718T0830Z_convection_16_seismic.png
0052,2026-07-18 08:30 UTC,20260718T0830Z,convection,17_ylorrd,20260718T0830Z_convection_17_ylorrd.png,20260718T0830Z\composites_40\convection\20260718T0830Z_convection_17_ylorrd.png
0052,2026-07-18 08:30 UTC,20260718T0830Z,convection,18_ylorrd_r,20260718T0830Z_convection_18_ylorrd_r.png,20260718T0830Z\composites_40\convection\20260718T0830Z_convection_18_ylorrd_r.png
0052,2026-07-18 08:30 UTC,20260718T0830Z,convection,19_hot,20260718T0830Z_convection_19_hot.png,20260718T0830Z\composites_40\convection\20260718T0830Z_convection_19_hot.png
0052,2026-07-18 08:30 UTC,20260718T0830Z,convection,20_hotr,20260718T0830Z_convection_20_hotr.png,20260718T0830Z\composites_40\convection\20260718T0830Z_convection_20_hotr.png
0052,2026-07-18 08:30 UTC,20260718T0830Z,convection,21_afmhot,20260718T0830Z_convection_21_afmhot.png,20260718T0830Z\composites_40\convection\20260718T0830Z_convection_21_afmhot.png
0052,2026-07-18 08:30 UTC,20260718T0830Z,convection,22_gist_heat,20260718T0830Z_convection_22_gist_heat.png,20260718T0830Z\composites_40\convection\20260718T0830Z_convection_22_gist_heat.png
0052,2026-07-18 08:30 UTC,20260718T0830Z,convection,23_copper,20260718T0830Z_convection_23_copper.png,20260718T0830Z\composites_40\convection\20260718T0830Z_convection_23_copper.png
0052,2026-07-18 08:30 UTC,20260718T0830Z,convection,24_autumn,20260718T0830Z_convection_24_autumn.png,20260718T0830Z\composites_40\convection\20260718T0830Z_convection_24_autumn.png
0052,2026-07-18 08:30 UTC,20260718T0830Z,convection,25_summer,20260718T0830Z_convection_25_summer.png,20260718T0830Z\composites_40\convection\20260718T0830Z_convection_25_summer.png
0052,2026-07-18 08:30 UTC,20260718T0830Z,convection,26_spring,20260718T0830Z_convection_26_spring.png,20260718T0830Z\composites_40\convection\20260718T0830Z_convection_26_spring.png
0052,2026-07-18 08:30 UTC,20260718T0830Z,convection,27_winter,20260718T0830Z_convection_27_winter.png,20260718T0830Z\composites_40\convection\20260718T0830Z_convection_27_winter.png
0052,2026-07-18 08:30 UTC,20260718T0830Z,convection,28_ocean,20260718T0830Z_convection_28_ocean.png,20260718T0830Z\composites_40\convection\20260718T0830Z_convection_28_ocean.png
0052,2026-07-18 08:30 UTC,20260718T0830Z,convection,29_terrain,20260718T0830Z_convection_29_terrain.png,20260718T0830Z\composites_40\convection\20260718T0830Z_convection_29_terrain.png
0052,2026-07-18 08:30 UTC,20260718T0830Z,convection,30_gist_earth,20260718T0830Z_convection_30_gist_earth.png,20260718T0830Z\composites_40\convection\20260718T0830Z_convection_30_gist_earth.png
0052,2026-07-18 08:30 UTC,20260718T0830Z,convection,31_gist_ncar,20260718T0830Z_convection_31_gist_ncar.png,20260718T0830Z\composites_40\convection\20260718T0830Z_convection_31_gist_ncar.png
0052,2026-07-18 08:30 UTC,20260718T0830Z,convection,32_gist_rainbow,20260718T0830Z_convection_32_gist_rainbow.png,20260718T0830Z\composites_40\convection\20260718T0830Z_convection_32_gist_rainbow.png
0052,2026-07-18 08:30 UTC,20260718T0830Z,convection,33_nipy_spectral,20260718T0830Z_convection_33_nipy_spectral.png,20260718T0830Z\composites_40\convection\20260718T0830Z_convection_33_nipy_spectral.png
0052,2026-07-18 08:30 UTC,20260718T0830Z,convection,34_turbo,20260718T0830Z_convection_34_turbo.png,20260718T0830Z\composites_40\convection\20260718T0830Z_convection_34_turbo.png
0052,2026-07-18 08:30 UTC,20260718T0830Z,convection,35_gnuplot,20260718T0830Z_convection_35_gnuplot.png,20260718T0830Z\composites_40\convection\20260718T0830Z_convection_35_gnuplot.png
0052,2026-07-18 08:30 UTC,20260718T0830Z,convection,36_gnuplot2,20260718T0830Z_convection_36_gnuplot2.png,20260718T0830Z\composites_40\convection\20260718T0830Z_convection_36_gnuplot2.png
0052,2026-07-18 08:30 UTC,20260718T0830Z,convection,37_cmrmap,20260718T0830Z_convection_37_cmrmap.png,20260718T0830Z\composites_40\convection\20260718T0830Z_convection_37_cmrmap.png
0052,2026-07-18 08:30 UTC,20260718T0830Z,convection,38_cubehelix,20260718T0830Z_convection_38_cubehelix.png,20260718T0830Z\composites_40\convection\20260718T0830Z_convection_38_cubehelix.png
0052,2026-07-18 08:30 UTC,20260718T0830Z,convection,39_brg,20260718T0830Z_convection_39_brg.png,20260718T0830Z\composites_40\convection\20260718T0830Z_convection_39_brg.png
0052,2026-07-18 08:30 UTC,20260718T0830Z,convection,40_tab20b,20260718T0830Z_convection_40_tab20b.png,20260718T0830Z\composites_40\convection\20260718T0830Z_convection_40_tab20b.png
0052,2026-07-18 08:30 UTC,20260718T0830Z,day_severe_storms,01_grayr,20260718T0830Z_day_severe_storms_01_grayr.png,20260718T0830Z\composites_40\day_severe_storms\20260718T0830Z_day_severe_storms_01_grayr.png
0052,2026-07-18 08:30 UTC,20260718T0830Z,day_severe_storms,02_gray,20260718T0830Z_day_severe_storms_02_gray.png,20260718T0830Z\composites_40\day_severe_storms\20260718T0830Z_day_severe_storms_02_gray.png
0052,2026-07-18 08:30 UTC,20260718T0830Z,day_severe_storms,03_jet,20260718T0830Z_day_severe_storms_03_jet.png,20260718T0830Z\composites_40\day_severe_storms\20260718T0830Z_day_severe_storms_03_jet.png
0052,2026-07-18 08:30 UTC,20260718T0830Z,day_severe_storms,04_hsv,20260718T0830Z_day_severe_storms_04_hsv.png,20260718T0830Z\composites_40\day_severe_storms\20260718T0830Z_day_severe_storms_04_hsv.png
0052,2026-07-18 08:30 UTC,20260718T0830Z,day_severe_storms,05_inferno,20260718T0830Z_day_severe_storms_05_inferno.png,20260718T0830Z\composites_40\day_severe_storms\20260718T0830Z_day_severe_storms_05_inferno.png
0052,2026-07-18 08:30 UTC,20260718T0830Z,day_severe_storms,06_magma,20260718T0830Z_day_severe_storms_06_magma.png,20260718T0830Z\composites_40\day_severe_storms\20260718T0830Z_day_severe_storms_06_magma.png
0052,2026-07-18 08:30 UTC,20260718T0830Z,day_severe_storms,07_plasma,20260718T0830Z_day_severe_storms_07_plasma.png,20260718T0830Z\composites_40\day_severe_storms\20260718T0830Z_day_severe_storms_07_plasma.png
0052,2026-07-18 08:30 UTC,20260718T0830Z,day_severe_storms,08_viridis,20260718T0830Z_day_severe_storms_08_viridis.png,20260718T0830Z\composites_40\day_severe_storms\20260718T0830Z_day_severe_storms_08_viridis.png
0052,2026-07-18 08:30 UTC,20260718T0830Z,day_severe_storms,09_cividis,20260718T0830Z_day_severe_storms_09_cividis.png,20260718T0830Z\composites_40\day_severe_storms\20260718T0830Z_day_severe_storms_09_cividis.png
0052,2026-07-18 08:30 UTC,20260718T0830Z,day_severe_storms,10_spectral,20260718T0830Z_day_severe_storms_10_spectral.png,20260718T0830Z\composites_40\day_severe_storms\20260718T0830Z_day_severe_storms_10_spectral.png
0052,2026-07-18 08:30 UTC,20260718T0830Z,day_severe_storms,11_spectralr,20260718T0830Z_day_severe_storms_11_spectralr.png,20260718T0830Z\composites_40\day_severe_storms\20260718T0830Z_day_severe_storms_11_spectralr.png
0052,2026-07-18 08:30 UTC,20260718T0830Z,day_severe_storms,12_rdylbu,20260718T0830Z_day_severe_storms_12_rdylbu.png,20260718T0830Z\composites_40\day_severe_storms\20260718T0830Z_day_severe_storms_12_rdylbu.png
0052,2026-07-18 08:30 UTC,20260718T0830Z,day_severe_storms,13_rdylbur,20260718T0830Z_day_severe_storms_13_rdylbur.png,20260718T0830Z\composites_40\day_severe_storms\20260718T0830Z_day_severe_storms_13_rdylbur.png
0052,2026-07-18 08:30 UTC,20260718T0830Z,day_severe_storms,14_coolwarm,20260718T0830Z_day_severe_storms_14_coolwarm.png,20260718T0830Z\composites_40\day_severe_storms\20260718T0830Z_day_severe_storms_14_coolwarm.png
0052,2026-07-18 08:30 UTC,20260718T0830Z,day_severe_storms,15_bwr,20260718T0830Z_day_severe_storms_15_bwr.png,20260718T0830Z\composites_40\day_severe_storms\20260718T0830Z_day_severe_storms_15_bwr.png
0052,2026-07-18 08:30 UTC,20260718T0830Z,day_severe_storms,16_seismic,20260718T0830Z_day_severe_storms_16_seismic.png,20260718T0830Z\composites_40\day_severe_storms\20260718T0830Z_day_severe_storms_16_seismic.png
0052,2026-07-18 08:30 UTC,20260718T0830Z,day_severe_storms,17_ylorrd,20260718T0830Z_day_severe_storms_17_ylorrd.png,20260718T0830Z\composites_40\day_severe_storms\20260718T0830Z_day_severe_storms_17_ylorrd.png
0052,2026-07-18 08:30 UTC,20260718T0830Z,day_severe_storms,18_ylorrd_r,20260718T0830Z_day_severe_storms_18_ylorrd_r.png,20260718T0830Z\composites_40\day_severe_storms\20260718T0830Z_day_severe_storms_18_ylorrd_r.png
0052,2026-07-18 08:30 UTC,20260718T0830Z,day_severe_storms,19_hot,20260718T0830Z_day_severe_storms_19_hot.png,20260718T0830Z\composites_40\day_severe_storms\20260718T0830Z_day_severe_storms_19_hot.png
0052,2026-07-18 08:30 UTC,20260718T0830Z,day_severe_storms,20_hotr,20260718T0830Z_day_severe_storms_20_hotr.png,20260718T0830Z\composites_40\day_severe_storms\20260718T0830Z_day_severe_storms_20_hotr.png
0052,2026-07-18 08:30 UTC,20260718T0830Z,day_severe_storms,21_afmhot,20260718T0830Z_day_severe_storms_21_afmhot.png,20260718T0830Z\composites_40\day_severe_storms\20260718T0830Z_day_severe_storms_21_afmhot.png
0052,2026-07-18 08:30 UTC,20260718T0830Z,day_severe_storms,22_gist_heat,20260718T0830Z_day_severe_storms_22_gist_heat.png,20260718T0830Z\composites_40\day_severe_storms\20260718T0830Z_day_severe_storms_22_gist_heat.png
0052,2026-07-18 08:30 UTC,20260718T0830Z,day_severe_storms,23_copper,20260718T0830Z_day_severe_storms_23_copper.png,20260718T0830Z\composites_40\day_severe_storms\20260718T0830Z_day_severe_storms_23_copper.png
0052,2026-07-18 08:30 UTC,20260718T0830Z,day_severe_storms,24_autumn,20260718T0830Z_day_severe_storms_24_autumn.png,20260718T0830Z\composites_40\day_severe_storms\20260718T0830Z_day_severe_storms_24_autumn.png
0052,2026-07-18 08:30 UTC,20260718T0830Z,day_severe_storms,25_summer,20260718T0830Z_day_severe_storms_25_summer.png,20260718T0830Z\composites_40\day_severe_storms\20260718T0830Z_day_severe_storms_25_summer.png
0052,2026-07-18 08:30 UTC,20260718T0830Z,day_severe_storms,26_spring,20260718T0830Z_day_severe_storms_26_spring.png,20260718T0830Z\composites_40\day_severe_storms\20260718T0830Z_day_severe_storms_26_spring.png
0052,2026-07-18 08:30 UTC,20260718T0830Z,day_severe_storms,27_winter,20260718T0830Z_day_severe_storms_27_winter.png,20260718T0830Z\composites_40\day_severe_storms\20260718T0830Z_day_severe_storms_27_winter.png
0052,2026-07-18 08:30 UTC,20260718T0830Z,day_severe_storms,28_ocean,20260718T0830Z_day_severe_storms_28_ocean.png,20260718T0830Z\composites_40\day_severe_storms\20260718T0830Z_day_severe_storms_28_ocean.png
0052,2026-07-18 08:30 UTC,20260718T0830Z,day_severe_storms,29_terrain,20260718T0830Z_day_severe_storms_29_terrain.png,20260718T0830Z\composites_40\day_severe_storms\20260718T0830Z_day_severe_storms_29_terrain.png
0052,2026-07-18 08:30 UTC,20260718T0830Z,day_severe_storms,30_gist_earth,20260718T0830Z_day_severe_storms_30_gist_earth.png,20260718T0830Z\composites_40\day_severe_storms\20260718T0830Z_day_severe_storms_30_gist_earth.png
0052,2026-07-18 08:30 UTC,20260718T0830Z,day_severe_storms,31_gist_ncar,20260718T0830Z_day_severe_storms_31_gist_ncar.png,20260718T0830Z\composites_40\day_severe_storms\20260718T0830Z_day_severe_storms_31_gist_ncar.png
0052,2026-07-18 08:30 UTC,20260718T0830Z,day_severe_storms,32_gist_rainbow,20260718T0830Z_day_severe_storms_32_gist_rainbow.png,20260718T0830Z\composites_40\day_severe_storms\20260718T0830Z_day_severe_storms_32_gist_rainbow.png
0052,2026-07-18 08:30 UTC,20260718T0830Z,day_severe_storms,33_nipy_spectral,20260718T0830Z_day_severe_storms_33_nipy_spectral.png,20260718T0830Z\composites_40\day_severe_storms\20260718T0830Z_day_severe_storms_33_nipy_spectral.png
0052,2026-07-18 08:30 UTC,20260718T0830Z,day_severe_storms,34_turbo,20260718T0830Z_day_severe_storms_34_turbo.png,20260718T0830Z\composites_40\day_severe_storms\20260718T0830Z_day_severe_storms_34_turbo.png
0052,2026-07-18 08:30 UTC,20260718T0830Z,day_severe_storms,35_gnuplot,20260718T0830Z_day_severe_storms_35_gnuplot.png,20260718T0830Z\composites_40\day_severe_storms\20260718T0830Z_day_severe_storms_35_gnuplot.png
0052,2026-07-18 08:30 UTC,20260718T0830Z,day_severe_storms,36_gnuplot2,20260718T0830Z_day_severe_storms_36_gnuplot2.png,20260718T0830Z\composites_40\day_severe_storms\20260718T0830Z_day_severe_storms_36_gnuplot2.png
0052,2026-07-18 08:30 UTC,20260718T0830Z,day_severe_storms,37_cmrmap,20260718T0830Z_day_severe_storms_37_cmrmap.png,20260718T0830Z\composites_40\day_severe_storms\20260718T0830Z_day_severe_storms_37_cmrmap.png
0052,2026-07-18 08:30 UTC,20260718T0830Z,day_severe_storms,38_cubehelix,20260718T0830Z_day_severe_storms_38_cubehelix.png,20260718T0830Z\composites_40\day_severe_storms\20260718T0830Z_day_severe_storms_38_cubehelix.png
0052,2026-07-18 08:30 UTC,20260718T0830Z,day_severe_storms,39_brg,20260718T0830Z_day_severe_storms_39_brg.png,20260718T0830Z\composites_40\day_severe_storms\20260718T0830Z_day_severe_storms_39_brg.png
0052,2026-07-18 08:30 UTC,20260718T0830Z,day_severe_storms,40_tab20b,20260718T0830Z_day_severe_storms_40_tab20b.png,20260718T0830Z\composites_40\day_severe_storms\20260718T0830Z_day_severe_storms_40_tab20b.png
0052,2026-07-18 08:30 UTC,20260718T0830Z,dust,01_grayr,20260718T0830Z_dust_01_grayr.png,20260718T0830Z\composites_40\dust\20260718T0830Z_dust_01_grayr.png
0052,2026-07-18 08:30 UTC,20260718T0830Z,dust,02_gray,20260718T0830Z_dust_02_gray.png,20260718T0830Z\composites_40\dust\20260718T0830Z_dust_02_gray.png
0052,2026-07-18 08:30 UTC,20260718T0830Z,dust,03_jet,20260718T0830Z_dust_03_jet.png,20260718T0830Z\composites_40\dust\20260718T0830Z_dust_03_jet.png
0052,2026-07-18 08:30 UTC,20260718T0830Z,dust,04_hsv,20260718T0830Z_dust_04_hsv.png,20260718T0830Z\composites_40\dust\20260718T0830Z_dust_04_hsv.png
0052,2026-07-18 08:30 UTC,20260718T0830Z,dust,05_inferno,20260718T0830Z_dust_05_inferno.png,20260718T0830Z\composites_40\dust\20260718T0830Z_dust_05_inferno.png
0052,2026-07-18 08:30 UTC,20260718T0830Z,dust,06_magma,20260718T0830Z_dust_06_magma.png,20260718T0830Z\composites_40\dust\20260718T0830Z_dust_06_magma.png
0052,2026-07-18 08:30 UTC,20260718T0830Z,dust,07_plasma,20260718T0830Z_dust_07_plasma.png,20260718T0830Z\composites_40\dust\20260718T0830Z_dust_07_plasma.png
0052,2026-07-18 08:30 UTC,20260718T0830Z,dust,08_viridis,20260718T0830Z_dust_08_viridis.png,20260718T0830Z\composites_40\dust\20260718T0830Z_dust_08_viridis.png
0052,2026-07-18 08:30 UTC,20260718T0830Z,dust,09_cividis,20260718T0830Z_dust_09_cividis.png,20260718T0830Z\composites_40\dust\20260718T0830Z_dust_09_cividis.png
0052,2026-07-18 08:30 UTC,20260718T0830Z,dust,10_spectral,20260718T0830Z_dust_10_spectral.png,20260718T0830Z\composites_40\dust\20260718T0830Z_dust_10_spectral.png
0052,2026-07-18 08:30 UTC,20260718T0830Z,dust,11_spectralr,20260718T0830Z_dust_11_spectralr.png,20260718T0830Z\composites_40\dust\20260718T0830Z_dust_11_spectralr.png
0052,2026-07-18 08:30 UTC,20260718T0830Z,dust,12_rdylbu,20260718T0830Z_dust_12_rdylbu.png,20260718T0830Z\composites_40\dust\20260718T0830Z_dust_12_rdylbu.png
0052,2026-07-18 08:30 UTC,20260718T0830Z,dust,13_rdylbur,20260718T0830Z_dust_13_rdylbur.png,20260718T0830Z\composites_40\dust\20260718T0830Z_dust_13_rdylbur.png
0052,2026-07-18 08:30 UTC,20260718T0830Z,dust,14_coolwarm,20260718T0830Z_dust_14_coolwarm.png,20260718T0830Z\composites_40\dust\20260718T0830Z_dust_14_coolwarm.png
0052,2026-07-18 08:30 UTC,20260718T0830Z,dust,15_bwr,20260718T0830Z_dust_15_bwr.png,20260718T0830Z\composites_40\dust\20260718T0830Z_dust_15_bwr.png
0052,2026-07-18 08:30 UTC,20260718T0830Z,dust,16_seismic,20260718T0830Z_dust_16_seismic.png,20260718T0830Z\composites_40\dust\20260718T0830Z_dust_16_seismic.png
0052,2026-07-18 08:30 UTC,20260718T0830Z,dust,17_ylorrd,20260718T0830Z_dust_17_ylorrd.png,20260718T0830Z\composites_40\dust\20260718T0830Z_dust_17_ylorrd.png
0052,2026-07-18 08:30 UTC,20260718T0830Z,dust,18_ylorrd_r,20260718T0830Z_dust_18_ylorrd_r.png,20260718T0830Z\composites_40\dust\20260718T0830Z_dust_18_ylorrd_r.png
0052,2026-07-18 08:30 UTC,20260718T0830Z,dust,19_hot,20260718T0830Z_dust_19_hot.png,20260718T0830Z\composites_40\dust\20260718T0830Z_dust_19_hot.png
0052,2026-07-18 08:30 UTC,20260718T0830Z,dust,20_hotr,20260718T0830Z_dust_20_hotr.png,20260718T0830Z\composites_40\dust\20260718T0830Z_dust_20_hotr.png
0052,2026-07-18 08:30 UTC,20260718T0830Z,dust,21_afmhot,20260718T0830Z_dust_21_afmhot.png,20260718T0830Z\composites_40\dust\20260718T0830Z_dust_21_afmhot.png
0052,2026-07-18 08:30 UTC,20260718T0830Z,dust,22_gist_heat,20260718T0830Z_dust_22_gist_heat.png,20260718T0830Z\composites_40\dust\20260718T0830Z_dust_22_gist_heat.png
0052,2026-07-18 08:30 UTC,20260718T0830Z,dust,23_copper,20260718T0830Z_dust_23_copper.png,20260718T0830Z\composites_40\dust\20260718T0830Z_dust_23_copper.png
0052,2026-07-18 08:30 UTC,20260718T0830Z,dust,24_autumn,20260718T0830Z_dust_24_autumn.png,20260718T0830Z\composites_40\dust\20260718T0830Z_dust_24_autumn.png
0052,2026-07-18 08:30 UTC,20260718T0830Z,dust,25_summer,20260718T0830Z_dust_25_summer.png,20260718T0830Z\composites_40\dust\20260718T0830Z_dust_25_summer.png
0052,2026-07-18 08:30 UTC,20260718T0830Z,dust,26_spring,20260718T0830Z_dust_26_spring.png,20260718T0830Z\composites_40\dust\20260718T0830Z_dust_26_spring.png
0052,2026-07-18 08:30 UTC,20260718T0830Z,dust,27_winter,20260718T0830Z_dust_27_winter.png,20260718T0830Z\composites_40\dust\20260718T0830Z_dust_27_winter.png
0052,2026-07-18 08:30 UTC,20260718T0830Z,dust,28_ocean,20260718T0830Z_dust_28_ocean.png,20260718T0830Z\composites_40\dust\20260718T0830Z_dust_28_ocean.png
0052,2026-07-18 08:30 UTC,20260718T0830Z,dust,29_terrain,20260718T0830Z_dust_29_terrain.png,20260718T0830Z\composites_40\dust\20260718T0830Z_dust_29_terrain.png
0052,2026-07-18 08:30 UTC,20260718T0830Z,dust,30_gist_earth,20260718T0830Z_dust_30_gist_earth.png,20260718T0830Z\composites_40\dust\20260718T0830Z_dust_30_gist_earth.png
0052,2026-07-18 08:30 UTC,20260718T0830Z,dust,31_gist_ncar,20260718T0830Z_dust_31_gist_ncar.png,20260718T0830Z\composites_40\dust\20260718T0830Z_dust_31_gist_ncar.png
0052,2026-07-18 08:30 UTC,20260718T0830Z,dust,32_gist_rainbow,20260718T0830Z_dust_32_gist_rainbow.png,20260718T0830Z\composites_40\dust\20260718T0830Z_dust_32_gist_rainbow.png
0052,2026-07-18 08:30 UTC,20260718T0830Z,dust,33_nipy_spectral,20260718T0830Z_dust_33_nipy_spectral.png,20260718T0830Z\composites_40\dust\20260718T0830Z_dust_33_nipy_spectral.png
0052,2026-07-18 08:30 UTC,20260718T0830Z,dust,34_turbo,20260718T0830Z_dust_34_turbo.png,20260718T0830Z\composites_40\dust\20260718T0830Z_dust_34_turbo.png
0052,2026-07-18 08:30 UTC,20260718T0830Z,dust,35_gnuplot,20260718T0830Z_dust_35_gnuplot.png,20260718T0830Z\composites_40\dust\20260718T0830Z_dust_35_gnuplot.png
0052,2026-07-18 08:30 UTC,20260718T0830Z,dust,36_gnuplot2,20260718T0830Z_dust_36_gnuplot2.png,20260718T0830Z\composites_40\dust\20260718T0830Z_dust_36_gnuplot2.png
0052,2026-07-18 08:30 UTC,20260718T0830Z,dust,37_cmrmap,20260718T0830Z_dust_37_cmrmap.png,20260718T0830Z\composites_40\dust\20260718T0830Z_dust_37_cmrmap.png
0052,2026-07-18 08:30 UTC,20260718T0830Z,dust,38_cubehelix,20260718T0830Z_dust_38_cubehelix.png,20260718T0830Z\composites_40\dust\20260718T0830Z_dust_38_cubehelix.png
0052,2026-07-18 08:30 UTC,20260718T0830Z,dust,39_brg,20260718T0830Z_dust_39_brg.png,20260718T0830Z\composites_40\dust\20260718T0830Z_dust_39_brg.png
0052,2026-07-18 08:30 UTC,20260718T0830Z,dust,40_tab20b,20260718T0830Z_dust_40_tab20b.png,20260718T0830Z\composites_40\dust\20260718T0830Z_dust_40_tab20b.png
0052,2026-07-18 08:30 UTC,20260718T0830Z,fog,01_grayr,20260718T0830Z_fog_01_grayr.png,20260718T0830Z\composites_40\fog\20260718T0830Z_fog_01_grayr.png
0052,2026-07-18 08:30 UTC,20260718T0830Z,fog,02_gray,20260718T0830Z_fog_02_gray.png,20260718T0830Z\composites_40\fog\20260718T0830Z_fog_02_gray.png
0052,2026-07-18 08:30 UTC,20260718T0830Z,fog,03_jet,20260718T0830Z_fog_03_jet.png,20260718T0830Z\composites_40\fog\20260718T0830Z_fog_03_jet.png
0052,2026-07-18 08:30 UTC,20260718T0830Z,fog,04_hsv,20260718T0830Z_fog_04_hsv.png,20260718T0830Z\composites_40\fog\20260718T0830Z_fog_04_hsv.png
0052,2026-07-18 08:30 UTC,20260718T0830Z,fog,05_inferno,20260718T0830Z_fog_05_inferno.png,20260718T0830Z\composites_40\fog\20260718T0830Z_fog_05_inferno.png
0052,2026-07-18 08:30 UTC,20260718T0830Z,fog,06_magma,20260718T0830Z_fog_06_magma.png,20260718T0830Z\composites_40\fog\20260718T0830Z_fog_06_magma.png
0052,2026-07-18 08:30 UTC,20260718T0830Z,fog,07_plasma,20260718T0830Z_fog_07_plasma.png,20260718T0830Z\composites_40\fog\20260718T0830Z_fog_07_plasma.png
0052,2026-07-18 08:30 UTC,20260718T0830Z,fog,08_viridis,20260718T0830Z_fog_08_viridis.png,20260718T0830Z\composites_40\fog\20260718T0830Z_fog_08_viridis.png
0052,2026-07-18 08:30 UTC,20260718T0830Z,fog,09_cividis,20260718T0830Z_fog_09_cividis.png,20260718T0830Z\composites_40\fog\20260718T0830Z_fog_09_cividis.png
0052,2026-07-18 08:30 UTC,20260718T0830Z,fog,10_spectral,20260718T0830Z_fog_10_spectral.png,20260718T0830Z\composites_40\fog\20260718T0830Z_fog_10_spectral.png
0052,2026-07-18 08:30 UTC,20260718T0830Z,fog,11_spectralr,20260718T0830Z_fog_11_spectralr.png,20260718T0830Z\composites_40\fog\20260718T0830Z_fog_11_spectralr.png
0052,2026-07-18 08:30 UTC,20260718T0830Z,fog,12_rdylbu,20260718T0830Z_fog_12_rdylbu.png,20260718T0830Z\composites_40\fog\20260718T0830Z_fog_12_rdylbu.png
0052,2026-07-18 08:30 UTC,20260718T0830Z,fog,13_rdylbur,20260718T0830Z_fog_13_rdylbur.png,20260718T0830Z\composites_40\fog\20260718T0830Z_fog_13_rdylbur.png
0052,2026-07-18 08:30 UTC,20260718T0830Z,fog,14_coolwarm,20260718T0830Z_fog_14_coolwarm.png,20260718T0830Z\composites_40\fog\20260718T0830Z_fog_14_coolwarm.png
0052,2026-07-18 08:30 UTC,20260718T0830Z,fog,15_bwr,20260718T0830Z_fog_15_bwr.png,20260718T0830Z\composites_40\fog\20260718T0830Z_fog_15_bwr.png
0052,2026-07-18 08:30 UTC,20260718T0830Z,fog,16_seismic,20260718T0830Z_fog_16_seismic.png,20260718T0830Z\composites_40\fog\20260718T0830Z_fog_16_seismic.png
0052,2026-07-18 08:30 UTC,20260718T0830Z,fog,17_ylorrd,20260718T0830Z_fog_17_ylorrd.png,20260718T0830Z\composites_40\fog\20260718T0830Z_fog_17_ylorrd.png
0052,2026-07-18 08:30 UTC,20260718T0830Z,fog,18_ylorrd_r,20260718T0830Z_fog_18_ylorrd_r.png,20260718T0830Z\composites_40\fog\20260718T0830Z_fog_18_ylorrd_r.png
0052,2026-07-18 08:30 UTC,20260718T0830Z,fog,19_hot,20260718T0830Z_fog_19_hot.png,20260718T0830Z\composites_40\fog\20260718T0830Z_fog_19_hot.png
0052,2026-07-18 08:30 UTC,20260718T0830Z,fog,20_hotr,20260718T0830Z_fog_20_hotr.png,20260718T0830Z\composites_40\fog\20260718T0830Z_fog_20_hotr.png
0052,2026-07-18 08:30 UTC,20260718T0830Z,fog,21_afmhot,20260718T0830Z_fog_21_afmhot.png,20260718T0830Z\composites_40\fog\20260718T0830Z_fog_21_afmhot.png
0052,2026-07-18 08:30 UTC,20260718T0830Z,fog,22_gist_heat,20260718T0830Z_fog_22_gist_heat.png,20260718T0830Z\composites_40\fog\20260718T0830Z_fog_22_gist_heat.png
0052,2026-07-18 08:30 UTC,20260718T0830Z,fog,23_copper,20260718T0830Z_fog_23_copper.png,20260718T0830Z\composites_40\fog\20260718T0830Z_fog_23_copper.png
0052,2026-07-18 08:30 UTC,20260718T0830Z,fog,24_autumn,20260718T0830Z_fog_24_autumn.png,20260718T0830Z\composites_40\fog\20260718T0830Z_fog_24_autumn.png
0052,2026-07-18 08:30 UTC,20260718T0830Z,fog,25_summer,20260718T0830Z_fog_25_summer.png,20260718T0830Z\composites_40\fog\20260718T0830Z_fog_25_summer.png
0052,2026-07-18 08:30 UTC,20260718T0830Z,fog,26_spring,20260718T0830Z_fog_26_spring.png,20260718T0830Z\composites_40\fog\20260718T0830Z_fog_26_spring.png
0052,2026-07-18 08:30 UTC,20260718T0830Z,fog,27_winter,20260718T0830Z_fog_27_winter.png,20260718T0830Z\composites_40\fog\20260718T0830Z_fog_27_winter.png
0052,2026-07-18 08:30 UTC,20260718T0830Z,fog,28_ocean,20260718T0830Z_fog_28_ocean.png,20260718T0830Z\composites_40\fog\20260718T0830Z_fog_28_ocean.png
0052,2026-07-18 08:30 UTC,20260718T0830Z,fog,29_terrain,20260718T0830Z_fog_29_terrain.png,20260718T0830Z\composites_40\fog\20260718T0830Z_fog_29_terrain.png
0052,2026-07-18 08:30 UTC,20260718T0830Z,fog,30_gist_earth,20260718T0830Z_fog_30_gist_earth.png,20260718T0830Z\composites_40\fog\20260718T0830Z_fog_30_gist_earth.png
0052,2026-07-18 08:30 UTC,20260718T0830Z,fog,31_gist_ncar,20260718T0830Z_fog_31_gist_ncar.png,20260718T0830Z\composites_40\fog\20260718T0830Z_fog_31_gist_ncar.png
0052,2026-07-18 08:30 UTC,20260718T0830Z,fog,32_gist_rainbow,20260718T0830Z_fog_32_gist_rainbow.png,20260718T0830Z\composites_40\fog\20260718T0830Z_fog_32_gist_rainbow.png
0052,2026-07-18 08:30 UTC,20260718T0830Z,fog,33_nipy_spectral,20260718T0830Z_fog_33_nipy_spectral.png,20260718T0830Z\composites_40\fog\20260718T0830Z_fog_33_nipy_spectral.png
0052,2026-07-18 08:30 UTC,20260718T0830Z,fog,34_turbo,20260718T0830Z_fog_34_turbo.png,20260718T0830Z\composites_40\fog\20260718T0830Z_fog_34_turbo.png
0052,2026-07-18 08:30 UTC,20260718T0830Z,fog,35_gnuplot,20260718T0830Z_fog_35_gnuplot.png,20260718T0830Z\composites_40\fog\20260718T0830Z_fog_35_gnuplot.png
0052,2026-07-18 08:30 UTC,20260718T0830Z,fog,36_gnuplot2,20260718T0830Z_fog_36_gnuplot2.png,20260718T0830Z\composites_40\fog\20260718T0830Z_fog_36_gnuplot2.png
0052,2026-07-18 08:30 UTC,20260718T0830Z,fog,37_cmrmap,20260718T0830Z_fog_37_cmrmap.png,20260718T0830Z\composites_40\fog\20260718T0830Z_fog_37_cmrmap.png
0052,2026-07-18 08:30 UTC,20260718T0830Z,fog,38_cubehelix,20260718T0830Z_fog_38_cubehelix.png,20260718T0830Z\composites_40\fog\20260718T0830Z_fog_38_cubehelix.png
0052,2026-07-18 08:30 UTC,20260718T0830Z,fog,39_brg,20260718T0830Z_fog_39_brg.png,20260718T0830Z\composites_40\fog\20260718T0830Z_fog_39_brg.png
0052,2026-07-18 08:30 UTC,20260718T0830Z,fog,40_tab20b,20260718T0830Z_fog_40_tab20b.png,20260718T0830Z\composites_40\fog\20260718T0830Z_fog_40_tab20b.png
0052,2026-07-18 08:30 UTC,20260718T0830Z,natural_color,01_grayr,20260718T0830Z_natural_color_01_grayr.png,20260718T0830Z\composites_40\natural_color\20260718T0830Z_natural_color_01_grayr.png
0052,2026-07-18 08:30 UTC,20260718T0830Z,natural_color,02_gray,20260718T0830Z_natural_color_02_gray.png,20260718T0830Z\composites_40\natural_color\20260718T0830Z_natural_color_02_gray.png
0052,2026-07-18 08:30 UTC,20260718T0830Z,natural_color,03_jet,20260718T0830Z_natural_color_03_jet.png,20260718T0830Z\composites_40\natural_color\20260718T0830Z_natural_color_03_jet.png
0052,2026-07-18 08:30 UTC,20260718T0830Z,natural_color,04_hsv,20260718T0830Z_natural_color_04_hsv.png,20260718T0830Z\composites_40\natural_color\20260718T0830Z_natural_color_04_hsv.png
0052,2026-07-18 08:30 UTC,20260718T0830Z,natural_color,05_inferno,20260718T0830Z_natural_color_05_inferno.png,20260718T0830Z\composites_40\natural_color\20260718T0830Z_natural_color_05_inferno.png
0052,2026-07-18 08:30 UTC,20260718T0830Z,natural_color,06_magma,20260718T0830Z_natural_color_06_magma.png,20260718T0830Z\composites_40\natural_color\20260718T0830Z_natural_color_06_magma.png
0052,2026-07-18 08:30 UTC,20260718T0830Z,natural_color,07_plasma,20260718T0830Z_natural_color_07_plasma.png,20260718T0830Z\composites_40\natural_color\20260718T0830Z_natural_color_07_plasma.png
0052,2026-07-18 08:30 UTC,20260718T0830Z,natural_color,08_viridis,20260718T0830Z_natural_color_08_viridis.png,20260718T0830Z\composites_40\natural_color\20260718T0830Z_natural_color_08_viridis.png
0052,2026-07-18 08:30 UTC,20260718T0830Z,natural_color,09_cividis,20260718T0830Z_natural_color_09_cividis.png,20260718T0830Z\composites_40\natural_color\20260718T0830Z_natural_color_09_cividis.png
0052,2026-07-18 08:30 UTC,20260718T0830Z,natural_color,10_spectral,20260718T0830Z_natural_color_10_spectral.png,20260718T0830Z\composites_40\natural_color\20260718T0830Z_natural_color_10_spectral.png
0052,2026-07-18 08:30 UTC,20260718T0830Z,natural_color,11_spectralr,20260718T0830Z_natural_color_11_spectralr.png,20260718T0830Z\composites_40\natural_color\20260718T0830Z_natural_color_11_spectralr.png
0052,2026-07-18 08:30 UTC,20260718T0830Z,natural_color,12_rdylbu,20260718T0830Z_natural_color_12_rdylbu.png,20260718T0830Z\composites_40\natural_color\20260718T0830Z_natural_color_12_rdylbu.png
0052,2026-07-18 08:30 UTC,20260718T0830Z,natural_color,13_rdylbur,20260718T0830Z_natural_color_13_rdylbur.png,20260718T0830Z\composites_40\natural_color\20260718T0830Z_natural_color_13_rdylbur.png
0052,2026-07-18 08:30 UTC,20260718T0830Z,natural_color,14_coolwarm,20260718T0830Z_natural_color_14_coolwarm.png,20260718T0830Z\composites_40\natural_color\20260718T0830Z_natural_color_14_coolwarm.png
0052,2026-07-18 08:30 UTC,20260718T0830Z,natural_color,15_bwr,20260718T0830Z_natural_color_15_bwr.png,20260718T0830Z\composites_40\natural_color\20260718T0830Z_natural_color_15_bwr.png
0052,2026-07-18 08:30 UTC,20260718T0830Z,natural_color,16_seismic,20260718T0830Z_natural_color_16_seismic.png,20260718T0830Z\composites_40\natural_color\20260718T0830Z_natural_color_16_seismic.png
0052,2026-07-18 08:30 UTC,20260718T0830Z,natural_color,17_ylorrd,20260718T0830Z_natural_color_17_ylorrd.png,20260718T0830Z\composites_40\natural_color\20260718T0830Z_natural_color_17_ylorrd.png
0052,2026-07-18 08:30 UTC,20260718T0830Z,natural_color,18_ylorrd_r,20260718T0830Z_natural_color_18_ylorrd_r.png,20260718T0830Z\composites_40\natural_color\20260718T0830Z_natural_color_18_ylorrd_r.png
0052,2026-07-18 08:30 UTC,20260718T0830Z,natural_color,19_hot,20260718T0830Z_natural_color_19_hot.png,20260718T0830Z\composites_40\natural_color\20260718T0830Z_natural_color_19_hot.png
0052,2026-07-18 08:30 UTC,20260718T0830Z,natural_color,20_hotr,20260718T0830Z_natural_color_20_hotr.png,20260718T0830Z\composites_40\natural_color\20260718T0830Z_natural_color_20_hotr.png
0052,2026-07-18 08:30 UTC,20260718T0830Z,natural_color,21_afmhot,20260718T0830Z_natural_color_21_afmhot.png,20260718T0830Z\composites_40\natural_color\20260718T0830Z_natural_color_21_afmhot.png
0052,2026-07-18 08:30 UTC,20260718T0830Z,natural_color,22_gist_heat,20260718T0830Z_natural_color_22_gist_heat.png,20260718T0830Z\composites_40\natural_color\20260718T0830Z_natural_color_22_gist_heat.png
0052,2026-07-18 08:30 UTC,20260718T0830Z,natural_color,23_copper,20260718T0830Z_natural_color_23_copper.png,20260718T0830Z\composites_40\natural_color\20260718T0830Z_natural_color_23_copper.png
0052,2026-07-18 08:30 UTC,20260718T0830Z,natural_color,24_autumn,20260718T0830Z_natural_color_24_autumn.png,20260718T0830Z\composites_40\natural_color\20260718T0830Z_natural_color_24_autumn.png
0052,2026-07-18 08:30 UTC,20260718T0830Z,natural_color,25_summer,20260718T0830Z_natural_color_25_summer.png,20260718T0830Z\composites_40\natural_color\20260718T0830Z_natural_color_25_summer.png
0052,2026-07-18 08:30 UTC,20260718T0830Z,natural_color,26_spring,20260718T0830Z_natural_color_26_spring.png,20260718T0830Z\composites_40\natural_color\20260718T0830Z_natural_color_26_spring.png
0052,2026-07-18 08:30 UTC,20260718T0830Z,natural_color,27_winter,20260718T0830Z_natural_color_27_winter.png,20260718T0830Z\composites_40\natural_color\20260718T0830Z_natural_color_27_winter.png
0052,2026-07-18 08:30 UTC,20260718T0830Z,natural_color,28_ocean,20260718T0830Z_natural_color_28_ocean.png,20260718T0830Z\composites_40\natural_color\20260718T0830Z_natural_color_28_ocean.png
0052,2026-07-18 08:30 UTC,20260718T0830Z,natural_color,29_terrain,20260718T0830Z_natural_color_29_terrain.png,20260718T0830Z\composites_40\natural_color\20260718T0830Z_natural_color_29_terrain.png
0052,2026-07-18 08:30 UTC,20260718T0830Z,natural_color,30_gist_earth,20260718T0830Z_natural_color_30_gist_earth.png,20260718T0830Z\composites_40\natural_color\20260718T0830Z_natural_color_30_gist_earth.png
0052,2026-07-18 08:30 UTC,20260718T0830Z,natural_color,31_gist_ncar,20260718T0830Z_natural_color_31_gist_ncar.png,20260718T0830Z\composites_40\natural_color\20260718T0830Z_natural_color_31_gist_ncar.png
0052,2026-07-18 08:30 UTC,20260718T0830Z,natural_color,32_gist_rainbow,20260718T0830Z_natural_color_32_gist_rainbow.png,20260718T0830Z\composites_40\natural_color\20260718T0830Z_natural_color_32_gist_rainbow.png
0052,2026-07-18 08:30 UTC,20260718T0830Z,natural_color,33_nipy_spectral,20260718T0830Z_natural_color_33_nipy_spectral.png,20260718T0830Z\composites_40\natural_color\20260718T0830Z_natural_color_33_nipy_spectral.png
0052,2026-07-18 08:30 UTC,20260718T0830Z,natural_color,34_turbo,20260718T0830Z_natural_color_34_turbo.png,20260718T0830Z\composites_40\natural_color\20260718T0830Z_natural_color_34_turbo.png
0052,2026-07-18 08:30 UTC,20260718T0830Z,natural_color,35_gnuplot,20260718T0830Z_natural_color_35_gnuplot.png,20260718T0830Z\composites_40\natural_color\20260718T0830Z_natural_color_35_gnuplot.png
0052,2026-07-18 08:30 UTC,20260718T0830Z,natural_color,36_gnuplot2,20260718T0830Z_natural_color_36_gnuplot2.png,20260718T0830Z\composites_40\natural_color\20260718T0830Z_natural_color_36_gnuplot2.png
0052,2026-07-18 08:30 UTC,20260718T0830Z,natural_color,37_cmrmap,20260718T0830Z_natural_color_37_cmrmap.png,20260718T0830Z\composites_40\natural_color\20260718T0830Z_natural_color_37_cmrmap.png
0052,2026-07-18 08:30 UTC,20260718T0830Z,natural_color,38_cubehelix,20260718T0830Z_natural_color_38_cubehelix.png,20260718T0830Z\composites_40\natural_color\20260718T0830Z_natural_color_38_cubehelix.png
0052,2026-07-18 08:30 UTC,20260718T0830Z,natural_color,39_brg,20260718T0830Z_natural_color_39_brg.png,20260718T0830Z\composites_40\natural_color\20260718T0830Z_natural_color_39_brg.png
0052,2026-07-18 08:30 UTC,20260718T0830Z,natural_color,40_tab20b,20260718T0830Z_natural_color_40_tab20b.png,20260718T0830Z\composites_40\natural_color\20260718T0830Z_natural_color_40_tab20b.png
0052,2026-07-18 08:30 UTC,20260718T0830Z,night_microphysics,01_grayr,20260718T0830Z_night_microphysics_01_grayr.png,20260718T0830Z\composites_40\night_microphysics\20260718T0830Z_night_microphysics_01_grayr.png
0052,2026-07-18 08:30 UTC,20260718T0830Z,night_microphysics,02_gray,20260718T0830Z_night_microphysics_02_gray.png,20260718T0830Z\composites_40\night_microphysics\20260718T0830Z_night_microphysics_02_gray.png
0052,2026-07-18 08:30 UTC,20260718T0830Z,night_microphysics,03_jet,20260718T0830Z_night_microphysics_03_jet.png,20260718T0830Z\composites_40\night_microphysics\20260718T0830Z_night_microphysics_03_jet.png
0052,2026-07-18 08:30 UTC,20260718T0830Z,night_microphysics,04_hsv,20260718T0830Z_night_microphysics_04_hsv.png,20260718T0830Z\composites_40\night_microphysics\20260718T0830Z_night_microphysics_04_hsv.png
0052,2026-07-18 08:30 UTC,20260718T0830Z,night_microphysics,05_inferno,20260718T0830Z_night_microphysics_05_inferno.png,20260718T0830Z\composites_40\night_microphysics\20260718T0830Z_night_microphysics_05_inferno.png
0052,2026-07-18 08:30 UTC,20260718T0830Z,night_microphysics,06_magma,20260718T0830Z_night_microphysics_06_magma.png,20260718T0830Z\composites_40\night_microphysics\20260718T0830Z_night_microphysics_06_magma.png
0052,2026-07-18 08:30 UTC,20260718T0830Z,night_microphysics,07_plasma,20260718T0830Z_night_microphysics_07_plasma.png,20260718T0830Z\composites_40\night_microphysics\20260718T0830Z_night_microphysics_07_plasma.png
0052,2026-07-18 08:30 UTC,20260718T0830Z,night_microphysics,08_viridis,20260718T0830Z_night_microphysics_08_viridis.png,20260718T0830Z\composites_40\night_microphysics\20260718T0830Z_night_microphysics_08_viridis.png
0052,2026-07-18 08:30 UTC,20260718T0830Z,night_microphysics,09_cividis,20260718T0830Z_night_microphysics_09_cividis.png,20260718T0830Z\composites_40\night_microphysics\20260718T0830Z_night_microphysics_09_cividis.png
0052,2026-07-18 08:30 UTC,20260718T0830Z,night_microphysics,10_spectral,20260718T0830Z_night_microphysics_10_spectral.png,20260718T0830Z\composites_40\night_microphysics\20260718T0830Z_night_microphysics_10_spectral.png
0052,2026-07-18 08:30 UTC,20260718T0830Z,night_microphysics,11_spectralr,20260718T0830Z_night_microphysics_11_spectralr.png,20260718T0830Z\composites_40\night_microphysics\20260718T0830Z_night_microphysics_11_spectralr.png
0052,2026-07-18 08:30 UTC,20260718T0830Z,night_microphysics,12_rdylbu,20260718T0830Z_night_microphysics_12_rdylbu.png,20260718T0830Z\composites_40\night_microphysics\20260718T0830Z_night_microphysics_12_rdylbu.png
0052,2026-07-18 08:30 UTC,20260718T0830Z,night_microphysics,13_rdylbur,20260718T0830Z_night_microphysics_13_rdylbur.png,20260718T0830Z\composites_40\night_microphysics\20260718T0830Z_night_microphysics_13_rdylbur.png
0052,2026-07-18 08:30 UTC,20260718T0830Z,night_microphysics,14_coolwarm,20260718T0830Z_night_microphysics_14_coolwarm.png,20260718T0830Z\composites_40\night_microphysics\20260718T0830Z_night_microphysics_14_coolwarm.png
0052,2026-07-18 08:30 UTC,20260718T0830Z,night_microphysics,15_bwr,20260718T0830Z_night_microphysics_15_bwr.png,20260718T0830Z\composites_40\night_microphysics\20260718T0830Z_night_microphysics_15_bwr.png
0052,2026-07-18 08:30 UTC,20260718T0830Z,night_microphysics,16_seismic,20260718T0830Z_night_microphysics_16_seismic.png,20260718T0830Z\composites_40\night_microphysics\20260718T0830Z_night_microphysics_16_seismic.png
0052,2026-07-18 08:30 UTC,20260718T0830Z,night_microphysics,17_ylorrd,20260718T0830Z_night_microphysics_17_ylorrd.png,20260718T0830Z\composites_40\night_microphysics\20260718T0830Z_night_microphysics_17_ylorrd.png
0052,2026-07-18 08:30 UTC,20260718T0830Z,night_microphysics,18_ylorrd_r,20260718T0830Z_night_microphysics_18_ylorrd_r.png,20260718T0830Z\composites_40\night_microphysics\20260718T0830Z_night_microphysics_18_ylorrd_r.png
0052,2026-07-18 08:30 UTC,20260718T0830Z,night_microphysics,19_hot,20260718T0830Z_night_microphysics_19_hot.png,20260718T0830Z\composites_40\night_microphysics\20260718T0830Z_night_microphysics_19_hot.png
0052,2026-07-18 08:30 UTC,20260718T0830Z,night_microphysics,20_hotr,20260718T0830Z_night_microphysics_20_hotr.png,20260718T0830Z\composites_40\night_microphysics\20260718T0830Z_night_microphysics_20_hotr.png
0052,2026-07-18 08:30 UTC,20260718T0830Z,night_microphysics,21_afmhot,20260718T0830Z_night_microphysics_21_afmhot.png,20260718T0830Z\composites_40\night_microphysics\20260718T0830Z_night_microphysics_21_afmhot.png
0052,2026-07-18 08:30 UTC,20260718T0830Z,night_microphysics,22_gist_heat,20260718T0830Z_night_microphysics_22_gist_heat.png,20260718T0830Z\composites_40\night_microphysics\20260718T0830Z_night_microphysics_22_gist_heat.png
0052,2026-07-18 08:30 UTC,20260718T0830Z,night_microphysics,23_copper,20260718T0830Z_night_microphysics_23_copper.png,20260718T0830Z\composites_40\night_microphysics\20260718T0830Z_night_microphysics_23_copper.png
0052,2026-07-18 08:30 UTC,20260718T0830Z,night_microphysics,24_autumn,20260718T0830Z_night_microphysics_24_autumn.png,20260718T0830Z\composites_40\night_microphysics\20260718T0830Z_night_microphysics_24_autumn.png
0052,2026-07-18 08:30 UTC,20260718T0830Z,night_microphysics,25_summer,20260718T0830Z_night_microphysics_25_summer.png,20260718T0830Z\composites_40\night_microphysics\20260718T0830Z_night_microphysics_25_summer.png
0052,2026-07-18 08:30 UTC,20260718T0830Z,night_microphysics,26_spring,20260718T0830Z_night_microphysics_26_spring.png,20260718T0830Z\composites_40\night_microphysics\20260718T0830Z_night_microphysics_26_spring.png
0052,2026-07-18 08:30 UTC,20260718T0830Z,night_microphysics,27_winter,20260718T0830Z_night_microphysics_27_winter.png,20260718T0830Z\composites_40\night_microphysics\20260718T0830Z_night_microphysics_27_winter.png
0052,2026-07-18 08:30 UTC,20260718T0830Z,night_microphysics,28_ocean,20260718T0830Z_night_microphysics_28_ocean.png,20260718T0830Z\composites_40\night_microphysics\20260718T0830Z_night_microphysics_28_ocean.png
0052,2026-07-18 08:30 UTC,20260718T0830Z,night_microphysics,29_terrain,20260718T0830Z_night_microphysics_29_terrain.png,20260718T0830Z\composites_40\night_microphysics\20260718T0830Z_night_microphysics_29_terrain.png
0052,2026-07-18 08:30 UTC,20260718T0830Z,night_microphysics,30_gist_earth,20260718T0830Z_night_microphysics_30_gist_earth.png,20260718T0830Z\composites_40\night_microphysics\20260718T0830Z_night_microphysics_30_gist_earth.png
0052,2026-07-18 08:30 UTC,20260718T0830Z,night_microphysics,31_gist_ncar,20260718T0830Z_night_microphysics_31_gist_ncar.png,20260718T0830Z\composites_40\night_microphysics\20260718T0830Z_night_microphysics_31_gist_ncar.png
0052,2026-07-18 08:30 UTC,20260718T0830Z,night_microphysics,32_gist_rainbow,20260718T0830Z_night_microphysics_32_gist_rainbow.png,20260718T0830Z\composites_40\night_microphysics\20260718T0830Z_night_microphysics_32_gist_rainbow.png
0052,2026-07-18 08:30 UTC,20260718T0830Z,night_microphysics,33_nipy_spectral,20260718T0830Z_night_microphysics_33_nipy_spectral.png,20260718T0830Z\composites_40\night_microphysics\20260718T0830Z_night_microphysics_33_nipy_spectral.png
0052,2026-07-18 08:30 UTC,20260718T0830Z,night_microphysics,34_turbo,20260718T0830Z_night_microphysics_34_turbo.png,20260718T0830Z\composites_40\night_microphysics\20260718T0830Z_night_microphysics_34_turbo.png
0052,2026-07-18 08:30 UTC,20260718T0830Z,night_microphysics,35_gnuplot,20260718T0830Z_night_microphysics_35_gnuplot.png,20260718T0830Z\composites_40\night_microphysics\20260718T0830Z_night_microphysics_35_gnuplot.png
0052,2026-07-18 08:30 UTC,20260718T0830Z,night_microphysics,36_gnuplot2,20260718T0830Z_night_microphysics_36_gnuplot2.png,20260718T0830Z\composites_40\night_microphysics\20260718T0830Z_night_microphysics_36_gnuplot2.png
0052,2026-07-18 08:30 UTC,20260718T0830Z,night_microphysics,37_cmrmap,20260718T0830Z_night_microphysics_37_cmrmap.png,20260718T0830Z\composites_40\night_microphysics\20260718T0830Z_night_microphysics_37_cmrmap.png
0052,2026-07-18 08:30 UTC,20260718T0830Z,night_microphysics,38_cubehelix,20260718T0830Z_night_microphysics_38_cubehelix.png,20260718T0830Z\composites_40\night_microphysics\20260718T0830Z_night_microphysics_38_cubehelix.png
0052,2026-07-18 08:30 UTC,20260718T0830Z,night_microphysics,39_brg,20260718T0830Z_night_microphysics_39_brg.png,20260718T0830Z\composites_40\night_microphysics\20260718T0830Z_night_microphysics_39_brg.png
0052,2026-07-18 08:30 UTC,20260718T0830Z,night_microphysics,40_tab20b,20260718T0830Z_night_microphysics_40_tab20b.png,20260718T0830Z\composites_40\night_microphysics\20260718T0830Z_night_microphysics_40_tab20b.png
0071,2026-07-13 11:40 UTC,20260713T1140Z,airmass,01_grayr,20260713T1140Z_airmass_01_grayr.png,20260713T1140Z\composites_40\airmass\20260713T1140Z_airmass_01_grayr.png
0071,2026-07-13 11:40 UTC,20260713T1140Z,airmass,02_gray,20260713T1140Z_airmass_02_gray.png,20260713T1140Z\composites_40\airmass\20260713T1140Z_airmass_02_gray.png
0071,2026-07-13 11:40 UTC,20260713T1140Z,airmass,03_jet,20260713T1140Z_airmass_03_jet.png,20260713T1140Z\composites_40\airmass\20260713T1140Z_airmass_03_jet.png
0071,2026-07-13 11:40 UTC,20260713T1140Z,airmass,04_hsv,20260713T1140Z_airmass_04_hsv.png,20260713T1140Z\composites_40\airmass\20260713T1140Z_airmass_04_hsv.png
0071,2026-07-13 11:40 UTC,20260713T1140Z,airmass,05_inferno,20260713T1140Z_airmass_05_inferno.png,20260713T1140Z\composites_40\airmass\20260713T1140Z_airmass_05_inferno.png
0071,2026-07-13 11:40 UTC,20260713T1140Z,airmass,06_magma,20260713T1140Z_airmass_06_magma.png,20260713T1140Z\composites_40\airmass\20260713T1140Z_airmass_06_magma.png
0071,2026-07-13 11:40 UTC,20260713T1140Z,airmass,07_plasma,20260713T1140Z_airmass_07_plasma.png,20260713T1140Z\composites_40\airmass\20260713T1140Z_airmass_07_plasma.png
0071,2026-07-13 11:40 UTC,20260713T1140Z,airmass,08_viridis,20260713T1140Z_airmass_08_viridis.png,20260713T1140Z\composites_40\airmass\20260713T1140Z_airmass_08_viridis.png
0071,2026-07-13 11:40 UTC,20260713T1140Z,airmass,09_cividis,20260713T1140Z_airmass_09_cividis.png,20260713T1140Z\composites_40\airmass\20260713T1140Z_airmass_09_cividis.png
0071,2026-07-13 11:40 UTC,20260713T1140Z,airmass,10_spectral,20260713T1140Z_airmass_10_spectral.png,20260713T1140Z\composites_40\airmass\20260713T1140Z_airmass_10_spectral.png
0071,2026-07-13 11:40 UTC,20260713T1140Z,airmass,11_spectralr,20260713T1140Z_airmass_11_spectralr.png,20260713T1140Z\composites_40\airmass\20260713T1140Z_airmass_11_spectralr.png
0071,2026-07-13 11:40 UTC,20260713T1140Z,airmass,12_rdylbu,20260713T1140Z_airmass_12_rdylbu.png,20260713T1140Z\composites_40\airmass\20260713T1140Z_airmass_12_rdylbu.png
0071,2026-07-13 11:40 UTC,20260713T1140Z,airmass,13_rdylbur,20260713T1140Z_airmass_13_rdylbur.png,20260713T1140Z\composites_40\airmass\20260713T1140Z_airmass_13_rdylbur.png
0071,2026-07-13 11:40 UTC,20260713T1140Z,airmass,14_coolwarm,20260713T1140Z_airmass_14_coolwarm.png,20260713T1140Z\composites_40\airmass\20260713T1140Z_airmass_14_coolwarm.png
0071,2026-07-13 11:40 UTC,20260713T1140Z,airmass,15_bwr,20260713T1140Z_airmass_15_bwr.png,20260713T1140Z\composites_40\airmass\20260713T1140Z_airmass_15_bwr.png
0071,2026-07-13 11:40 UTC,20260713T1140Z,airmass,16_seismic,20260713T1140Z_airmass_16_seismic.png,20260713T1140Z\composites_40\airmass\20260713T1140Z_airmass_16_seismic.png
0071,2026-07-13 11:40 UTC,20260713T1140Z,airmass,17_ylorrd,20260713T1140Z_airmass_17_ylorrd.png,20260713T1140Z\composites_40\airmass\20260713T1140Z_airmass_17_ylorrd.png
0071,2026-07-13 11:40 UTC,20260713T1140Z,airmass,18_ylorrd_r,20260713T1140Z_airmass_18_ylorrd_r.png,20260713T1140Z\composites_40\airmass\20260713T1140Z_airmass_18_ylorrd_r.png
0071,2026-07-13 11:40 UTC,20260713T1140Z,airmass,19_hot,20260713T1140Z_airmass_19_hot.png,20260713T1140Z\composites_40\airmass\20260713T1140Z_airmass_19_hot.png
0071,2026-07-13 11:40 UTC,20260713T1140Z,airmass,20_hotr,20260713T1140Z_airmass_20_hotr.png,20260713T1140Z\composites_40\airmass\20260713T1140Z_airmass_20_hotr.png
0071,2026-07-13 11:40 UTC,20260713T1140Z,airmass,21_afmhot,20260713T1140Z_airmass_21_afmhot.png,20260713T1140Z\composites_40\airmass\20260713T1140Z_airmass_21_afmhot.png
0071,2026-07-13 11:40 UTC,20260713T1140Z,airmass,22_gist_heat,20260713T1140Z_airmass_22_gist_heat.png,20260713T1140Z\composites_40\airmass\20260713T1140Z_airmass_22_gist_heat.png
0071,2026-07-13 11:40 UTC,20260713T1140Z,airmass,23_copper,20260713T1140Z_airmass_23_copper.png,20260713T1140Z\composites_40\airmass\20260713T1140Z_airmass_23_copper.png
0071,2026-07-13 11:40 UTC,20260713T1140Z,airmass,24_autumn,20260713T1140Z_airmass_24_autumn.png,20260713T1140Z\composites_40\airmass\20260713T1140Z_airmass_24_autumn.png
0071,2026-07-13 11:40 UTC,20260713T1140Z,airmass,25_summer,20260713T1140Z_airmass_25_summer.png,20260713T1140Z\composites_40\airmass\20260713T1140Z_airmass_25_summer.png
0071,2026-07-13 11:40 UTC,20260713T1140Z,airmass,26_spring,20260713T1140Z_airmass_26_spring.png,20260713T1140Z\composites_40\airmass\20260713T1140Z_airmass_26_spring.png
0071,2026-07-13 11:40 UTC,20260713T1140Z,airmass,27_winter,20260713T1140Z_airmass_27_winter.png,20260713T1140Z\composites_40\airmass\20260713T1140Z_airmass_27_winter.png
0071,2026-07-13 11:40 UTC,20260713T1140Z,airmass,28_ocean,20260713T1140Z_airmass_28_ocean.png,20260713T1140Z\composites_40\airmass\20260713T1140Z_airmass_28_ocean.png
0071,2026-07-13 11:40 UTC,20260713T1140Z,airmass,29_terrain,20260713T1140Z_airmass_29_terrain.png,20260713T1140Z\composites_40\airmass\20260713T1140Z_airmass_29_terrain.png
0071,2026-07-13 11:40 UTC,20260713T1140Z,airmass,30_gist_earth,20260713T1140Z_airmass_30_gist_earth.png,20260713T1140Z\composites_40\airmass\20260713T1140Z_airmass_30_gist_earth.png
0071,2026-07-13 11:40 UTC,20260713T1140Z,airmass,31_gist_ncar,20260713T1140Z_airmass_31_gist_ncar.png,20260713T1140Z\composites_40\airmass\20260713T1140Z_airmass_31_gist_ncar.png
0071,2026-07-13 11:40 UTC,20260713T1140Z,airmass,32_gist_rainbow,20260713T1140Z_airmass_32_gist_rainbow.png,20260713T1140Z\composites_40\airmass\20260713T1140Z_airmass_32_gist_rainbow.png
0071,2026-07-13 11:40 UTC,20260713T1140Z,airmass,33_nipy_spectral,20260713T1140Z_airmass_33_nipy_spectral.png,20260713T1140Z\composites_40\airmass\20260713T1140Z_airmass_33_nipy_spectral.png
0071,2026-07-13 11:40 UTC,20260713T1140Z,airmass,34_turbo,20260713T1140Z_airmass_34_turbo.png,20260713T1140Z\composites_40\airmass\20260713T1140Z_airmass_34_turbo.png
0071,2026-07-13 11:40 UTC,20260713T1140Z,airmass,35_gnuplot,20260713T1140Z_airmass_35_gnuplot.png,20260713T1140Z\composites_40\airmass\20260713T1140Z_airmass_35_gnuplot.png
0071,2026-07-13 11:40 UTC,20260713T1140Z,airmass,36_gnuplot2,20260713T1140Z_airmass_36_gnuplot2.png,20260713T1140Z\composites_40\airmass\20260713T1140Z_airmass_36_gnuplot2.png
0071,2026-07-13 11:40 UTC,20260713T1140Z,airmass,37_cmrmap,20260713T1140Z_airmass_37_cmrmap.png,20260713T1140Z\composites_40\airmass\20260713T1140Z_airmass_37_cmrmap.png
0071,2026-07-13 11:40 UTC,20260713T1140Z,airmass,38_cubehelix,20260713T1140Z_airmass_38_cubehelix.png,20260713T1140Z\composites_40\airmass\20260713T1140Z_airmass_38_cubehelix.png
0071,2026-07-13 11:40 UTC,20260713T1140Z,airmass,39_brg,20260713T1140Z_airmass_39_brg.png,20260713T1140Z\composites_40\airmass\20260713T1140Z_airmass_39_brg.png
0071,2026-07-13 11:40 UTC,20260713T1140Z,airmass,40_tab20b,20260713T1140Z_airmass_40_tab20b.png,20260713T1140Z\composites_40\airmass\20260713T1140Z_airmass_40_tab20b.png
0071,2026-07-13 11:40 UTC,20260713T1140Z,ash,01_grayr,20260713T1140Z_ash_01_grayr.png,20260713T1140Z\composites_40\ash\20260713T1140Z_ash_01_grayr.png
0071,2026-07-13 11:40 UTC,20260713T1140Z,ash,02_gray,20260713T1140Z_ash_02_gray.png,20260713T1140Z\composites_40\ash\20260713T1140Z_ash_02_gray.png
0071,2026-07-13 11:40 UTC,20260713T1140Z,ash,03_jet,20260713T1140Z_ash_03_jet.png,20260713T1140Z\composites_40\ash\20260713T1140Z_ash_03_jet.png
0071,2026-07-13 11:40 UTC,20260713T1140Z,ash,04_hsv,20260713T1140Z_ash_04_hsv.png,20260713T1140Z\composites_40\ash\20260713T1140Z_ash_04_hsv.png
0071,2026-07-13 11:40 UTC,20260713T1140Z,ash,05_inferno,20260713T1140Z_ash_05_inferno.png,20260713T1140Z\composites_40\ash\20260713T1140Z_ash_05_inferno.png
0071,2026-07-13 11:40 UTC,20260713T1140Z,ash,06_magma,20260713T1140Z_ash_06_magma.png,20260713T1140Z\composites_40\ash\20260713T1140Z_ash_06_magma.png
0071,2026-07-13 11:40 UTC,20260713T1140Z,ash,07_plasma,20260713T1140Z_ash_07_plasma.png,20260713T1140Z\composites_40\ash\20260713T1140Z_ash_07_plasma.png
0071,2026-07-13 11:40 UTC,20260713T1140Z,ash,08_viridis,20260713T1140Z_ash_08_viridis.png,20260713T1140Z\composites_40\ash\20260713T1140Z_ash_08_viridis.png
0071,2026-07-13 11:40 UTC,20260713T1140Z,ash,09_cividis,20260713T1140Z_ash_09_cividis.png,20260713T1140Z\composites_40\ash\20260713T1140Z_ash_09_cividis.png
0071,2026-07-13 11:40 UTC,20260713T1140Z,ash,10_spectral,20260713T1140Z_ash_10_spectral.png,20260713T1140Z\composites_40\ash\20260713T1140Z_ash_10_spectral.png
0071,2026-07-13 11:40 UTC,20260713T1140Z,ash,11_spectralr,20260713T1140Z_ash_11_spectralr.png,20260713T1140Z\composites_40\ash\20260713T1140Z_ash_11_spectralr.png
0071,2026-07-13 11:40 UTC,20260713T1140Z,ash,12_rdylbu,20260713T1140Z_ash_12_rdylbu.png,20260713T1140Z\composites_40\ash\20260713T1140Z_ash_12_rdylbu.png
0071,2026-07-13 11:40 UTC,20260713T1140Z,ash,13_rdylbur,20260713T1140Z_ash_13_rdylbur.png,20260713T1140Z\composites_40\ash\20260713T1140Z_ash_13_rdylbur.png
0071,2026-07-13 11:40 UTC,20260713T1140Z,ash,14_coolwarm,20260713T1140Z_ash_14_coolwarm.png,20260713T1140Z\composites_40\ash\20260713T1140Z_ash_14_coolwarm.png
0071,2026-07-13 11:40 UTC,20260713T1140Z,ash,15_bwr,20260713T1140Z_ash_15_bwr.png,20260713T1140Z\composites_40\ash\20260713T1140Z_ash_15_bwr.png
0071,2026-07-13 11:40 UTC,20260713T1140Z,ash,16_seismic,20260713T1140Z_ash_16_seismic.png,20260713T1140Z\composites_40\ash\20260713T1140Z_ash_16_seismic.png
0071,2026-07-13 11:40 UTC,20260713T1140Z,ash,17_ylorrd,20260713T1140Z_ash_17_ylorrd.png,20260713T1140Z\composites_40\ash\20260713T1140Z_ash_17_ylorrd.png
0071,2026-07-13 11:40 UTC,20260713T1140Z,ash,18_ylorrd_r,20260713T1140Z_ash_18_ylorrd_r.png,20260713T1140Z\composites_40\ash\20260713T1140Z_ash_18_ylorrd_r.png
0071,2026-07-13 11:40 UTC,20260713T1140Z,ash,19_hot,20260713T1140Z_ash_19_hot.png,20260713T1140Z\composites_40\ash\20260713T1140Z_ash_19_hot.png
0071,2026-07-13 11:40 UTC,20260713T1140Z,ash,20_hotr,20260713T1140Z_ash_20_hotr.png,20260713T1140Z\composites_40\ash\20260713T1140Z_ash_20_hotr.png
0071,2026-07-13 11:40 UTC,20260713T1140Z,ash,21_afmhot,20260713T1140Z_ash_21_afmhot.png,20260713T1140Z\composites_40\ash\20260713T1140Z_ash_21_afmhot.png
0071,2026-07-13 11:40 UTC,20260713T1140Z,ash,22_gist_heat,20260713T1140Z_ash_22_gist_heat.png,20260713T1140Z\composites_40\ash\20260713T1140Z_ash_22_gist_heat.png
0071,2026-07-13 11:40 UTC,20260713T1140Z,ash,23_copper,20260713T1140Z_ash_23_copper.png,20260713T1140Z\composites_40\ash\20260713T1140Z_ash_23_copper.png
0071,2026-07-13 11:40 UTC,20260713T1140Z,ash,24_autumn,20260713T1140Z_ash_24_autumn.png,20260713T1140Z\composites_40\ash\20260713T1140Z_ash_24_autumn.png
0071,2026-07-13 11:40 UTC,20260713T1140Z,ash,25_summer,20260713T1140Z_ash_25_summer.png,20260713T1140Z\composites_40\ash\20260713T1140Z_ash_25_summer.png
0071,2026-07-13 11:40 UTC,20260713T1140Z,ash,26_spring,20260713T1140Z_ash_26_spring.png,20260713T1140Z\composites_40\ash\20260713T1140Z_ash_26_spring.png
0071,2026-07-13 11:40 UTC,20260713T1140Z,ash,27_winter,20260713T1140Z_ash_27_winter.png,20260713T1140Z\composites_40\ash\20260713T1140Z_ash_27_winter.png
0071,2026-07-13 11:40 UTC,20260713T1140Z,ash,28_ocean,20260713T1140Z_ash_28_ocean.png,20260713T1140Z\composites_40\ash\20260713T1140Z_ash_28_ocean.png
0071,2026-07-13 11:40 UTC,20260713T1140Z,ash,29_terrain,20260713T1140Z_ash_29_terrain.png,20260713T1140Z\composites_40\ash\20260713T1140Z_ash_29_terrain.png
0071,2026-07-13 11:40 UTC,20260713T1140Z,ash,30_gist_earth,20260713T1140Z_ash_30_gist_earth.png,20260713T1140Z\composites_40\ash\20260713T1140Z_ash_30_gist_earth.png
0071,2026-07-13 11:40 UTC,20260713T1140Z,ash,31_gist_ncar,20260713T1140Z_ash_31_gist_ncar.png,20260713T1140Z\composites_40\ash\20260713T1140Z_ash_31_gist_ncar.png
0071,2026-07-13 11:40 UTC,20260713T1140Z,ash,32_gist_rainbow,20260713T1140Z_ash_32_gist_rainbow.png,20260713T1140Z\composites_40\ash\20260713T1140Z_ash_32_gist_rainbow.png
0071,2026-07-13 11:40 UTC,20260713T1140Z,ash,33_nipy_spectral,20260713T1140Z_ash_33_nipy_spectral.png,20260713T1140Z\composites_40\ash\20260713T1140Z_ash_33_nipy_spectral.png
0071,2026-07-13 11:40 UTC,20260713T1140Z,ash,34_turbo,20260713T1140Z_ash_34_turbo.png,20260713T1140Z\composites_40\ash\20260713T1140Z_ash_34_turbo.png
0071,2026-07-13 11:40 UTC,20260713T1140Z,ash,35_gnuplot,20260713T1140Z_ash_35_gnuplot.png,20260713T1140Z\composites_40\ash\20260713T1140Z_ash_35_gnuplot.png
0071,2026-07-13 11:40 UTC,20260713T1140Z,ash,36_gnuplot2,20260713T1140Z_ash_36_gnuplot2.png,20260713T1140Z\composites_40\ash\20260713T1140Z_ash_36_gnuplot2.png
0071,2026-07-13 11:40 UTC,20260713T1140Z,ash,37_cmrmap,20260713T1140Z_ash_37_cmrmap.png,20260713T1140Z\composites_40\ash\20260713T1140Z_ash_37_cmrmap.png
0071,2026-07-13 11:40 UTC,20260713T1140Z,ash,38_cubehelix,20260713T1140Z_ash_38_cubehelix.png,20260713T1140Z\composites_40\ash\20260713T1140Z_ash_38_cubehelix.png
0071,2026-07-13 11:40 UTC,20260713T1140Z,ash,39_brg,20260713T1140Z_ash_39_brg.png,20260713T1140Z\composites_40\ash\20260713T1140Z_ash_39_brg.png
0071,2026-07-13 11:40 UTC,20260713T1140Z,ash,40_tab20b,20260713T1140Z_ash_40_tab20b.png,20260713T1140Z\composites_40\ash\20260713T1140Z_ash_40_tab20b.png
0071,2026-07-13 11:40 UTC,20260713T1140Z,colorized_ir_clouds,01_grayr,20260713T1140Z_colorized_ir_clouds_01_grayr.png,20260713T1140Z\composites_40\colorized_ir_clouds\20260713T1140Z_colorized_ir_clouds_01_grayr.png
0071,2026-07-13 11:40 UTC,20260713T1140Z,colorized_ir_clouds,02_gray,20260713T1140Z_colorized_ir_clouds_02_gray.png,20260713T1140Z\composites_40\colorized_ir_clouds\20260713T1140Z_colorized_ir_clouds_02_gray.png
0071,2026-07-13 11:40 UTC,20260713T1140Z,colorized_ir_clouds,03_jet,20260713T1140Z_colorized_ir_clouds_03_jet.png,20260713T1140Z\composites_40\colorized_ir_clouds\20260713T1140Z_colorized_ir_clouds_03_jet.png
0071,2026-07-13 11:40 UTC,20260713T1140Z,colorized_ir_clouds,04_hsv,20260713T1140Z_colorized_ir_clouds_04_hsv.png,20260713T1140Z\composites_40\colorized_ir_clouds\20260713T1140Z_colorized_ir_clouds_04_hsv.png
0071,2026-07-13 11:40 UTC,20260713T1140Z,colorized_ir_clouds,05_inferno,20260713T1140Z_colorized_ir_clouds_05_inferno.png,20260713T1140Z\composites_40\colorized_ir_clouds\20260713T1140Z_colorized_ir_clouds_05_inferno.png
0071,2026-07-13 11:40 UTC,20260713T1140Z,colorized_ir_clouds,06_magma,20260713T1140Z_colorized_ir_clouds_06_magma.png,20260713T1140Z\composites_40\colorized_ir_clouds\20260713T1140Z_colorized_ir_clouds_06_magma.png
0071,2026-07-13 11:40 UTC,20260713T1140Z,colorized_ir_clouds,07_plasma,20260713T1140Z_colorized_ir_clouds_07_plasma.png,20260713T1140Z\composites_40\colorized_ir_clouds\20260713T1140Z_colorized_ir_clouds_07_plasma.png
0071,2026-07-13 11:40 UTC,20260713T1140Z,colorized_ir_clouds,08_viridis,20260713T1140Z_colorized_ir_clouds_08_viridis.png,20260713T1140Z\composites_40\colorized_ir_clouds\20260713T1140Z_colorized_ir_clouds_08_viridis.png
0071,2026-07-13 11:40 UTC,20260713T1140Z,colorized_ir_clouds,09_cividis,20260713T1140Z_colorized_ir_clouds_09_cividis.png,20260713T1140Z\composites_40\colorized_ir_clouds\20260713T1140Z_colorized_ir_clouds_09_cividis.png
0071,2026-07-13 11:40 UTC,20260713T1140Z,colorized_ir_clouds,10_spectral,20260713T1140Z_colorized_ir_clouds_10_spectral.png,20260713T1140Z\composites_40\colorized_ir_clouds\20260713T1140Z_colorized_ir_clouds_10_spectral.png
0071,2026-07-13 11:40 UTC,20260713T1140Z,colorized_ir_clouds,11_spectralr,20260713T1140Z_colorized_ir_clouds_11_spectralr.png,20260713T1140Z\composites_40\colorized_ir_clouds\20260713T1140Z_colorized_ir_clouds_11_spectralr.png
0071,2026-07-13 11:40 UTC,20260713T1140Z,colorized_ir_clouds,12_rdylbu,20260713T1140Z_colorized_ir_clouds_12_rdylbu.png,20260713T1140Z\composites_40\colorized_ir_clouds\20260713T1140Z_colorized_ir_clouds_12_rdylbu.png
0071,2026-07-13 11:40 UTC,20260713T1140Z,colorized_ir_clouds,13_rdylbur,20260713T1140Z_colorized_ir_clouds_13_rdylbur.png,20260713T1140Z\composites_40\colorized_ir_clouds\20260713T1140Z_colorized_ir_clouds_13_rdylbur.png
0071,2026-07-13 11:40 UTC,20260713T1140Z,colorized_ir_clouds,14_coolwarm,20260713T1140Z_colorized_ir_clouds_14_coolwarm.png,20260713T1140Z\composites_40\colorized_ir_clouds\20260713T1140Z_colorized_ir_clouds_14_coolwarm.png
0071,2026-07-13 11:40 UTC,20260713T1140Z,colorized_ir_clouds,15_bwr,20260713T1140Z_colorized_ir_clouds_15_bwr.png,20260713T1140Z\composites_40\colorized_ir_clouds\20260713T1140Z_colorized_ir_clouds_15_bwr.png
0071,2026-07-13 11:40 UTC,20260713T1140Z,colorized_ir_clouds,16_seismic,20260713T1140Z_colorized_ir_clouds_16_seismic.png,20260713T1140Z\composites_40\colorized_ir_clouds\20260713T1140Z_colorized_ir_clouds_16_seismic.png
0071,2026-07-13 11:40 UTC,20260713T1140Z,colorized_ir_clouds,17_ylorrd,20260713T1140Z_colorized_ir_clouds_17_ylorrd.png,20260713T1140Z\composites_40\colorized_ir_clouds\20260713T1140Z_colorized_ir_clouds_17_ylorrd.png
0071,2026-07-13 11:40 UTC,20260713T1140Z,colorized_ir_clouds,18_ylorrd_r,20260713T1140Z_colorized_ir_clouds_18_ylorrd_r.png,20260713T1140Z\composites_40\colorized_ir_clouds\20260713T1140Z_colorized_ir_clouds_18_ylorrd_r.png
0071,2026-07-13 11:40 UTC,20260713T1140Z,colorized_ir_clouds,19_hot,20260713T1140Z_colorized_ir_clouds_19_hot.png,20260713T1140Z\composites_40\colorized_ir_clouds\20260713T1140Z_colorized_ir_clouds_19_hot.png
0071,2026-07-13 11:40 UTC,20260713T1140Z,colorized_ir_clouds,20_hotr,20260713T1140Z_colorized_ir_clouds_20_hotr.png,20260713T1140Z\composites_40\colorized_ir_clouds\20260713T1140Z_colorized_ir_clouds_20_hotr.png
0071,2026-07-13 11:40 UTC,20260713T1140Z,colorized_ir_clouds,21_afmhot,20260713T1140Z_colorized_ir_clouds_21_afmhot.png,20260713T1140Z\composites_40\colorized_ir_clouds\20260713T1140Z_colorized_ir_clouds_21_afmhot.png
0071,2026-07-13 11:40 UTC,20260713T1140Z,colorized_ir_clouds,22_gist_heat,20260713T1140Z_colorized_ir_clouds_22_gist_heat.png,20260713T1140Z\composites_40\colorized_ir_clouds\20260713T1140Z_colorized_ir_clouds_22_gist_heat.png
0071,2026-07-13 11:40 UTC,20260713T1140Z,colorized_ir_clouds,23_copper,20260713T1140Z_colorized_ir_clouds_23_copper.png,20260713T1140Z\composites_40\colorized_ir_clouds\20260713T1140Z_colorized_ir_clouds_23_copper.png
0071,2026-07-13 11:40 UTC,20260713T1140Z,colorized_ir_clouds,24_autumn,20260713T1140Z_colorized_ir_clouds_24_autumn.png,20260713T1140Z\composites_40\colorized_ir_clouds\20260713T1140Z_colorized_ir_clouds_24_autumn.png
0071,2026-07-13 11:40 UTC,20260713T1140Z,colorized_ir_clouds,25_summer,20260713T1140Z_colorized_ir_clouds_25_summer.png,20260713T1140Z\composites_40\colorized_ir_clouds\20260713T1140Z_colorized_ir_clouds_25_summer.png
0071,2026-07-13 11:40 UTC,20260713T1140Z,colorized_ir_clouds,26_spring,20260713T1140Z_colorized_ir_clouds_26_spring.png,20260713T1140Z\composites_40\colorized_ir_clouds\20260713T1140Z_colorized_ir_clouds_26_spring.png
0071,2026-07-13 11:40 UTC,20260713T1140Z,colorized_ir_clouds,27_winter,20260713T1140Z_colorized_ir_clouds_27_winter.png,20260713T1140Z\composites_40\colorized_ir_clouds\20260713T1140Z_colorized_ir_clouds_27_winter.png
0071,2026-07-13 11:40 UTC,20260713T1140Z,colorized_ir_clouds,28_ocean,20260713T1140Z_colorized_ir_clouds_28_ocean.png,20260713T1140Z\composites_40\colorized_ir_clouds\20260713T1140Z_colorized_ir_clouds_28_ocean.png
0071,2026-07-13 11:40 UTC,20260713T1140Z,colorized_ir_clouds,29_terrain,20260713T1140Z_colorized_ir_clouds_29_terrain.png,20260713T1140Z\composites_40\colorized_ir_clouds\20260713T1140Z_colorized_ir_clouds_29_terrain.png
0071,2026-07-13 11:40 UTC,20260713T1140Z,colorized_ir_clouds,30_gist_earth,20260713T1140Z_colorized_ir_clouds_30_gist_earth.png,20260713T1140Z\composites_40\colorized_ir_clouds\20260713T1140Z_colorized_ir_clouds_30_gist_earth.png
0071,2026-07-13 11:40 UTC,20260713T1140Z,colorized_ir_clouds,31_gist_ncar,20260713T1140Z_colorized_ir_clouds_31_gist_ncar.png,20260713T1140Z\composites_40\colorized_ir_clouds\20260713T1140Z_colorized_ir_clouds_31_gist_ncar.png
0071,2026-07-13 11:40 UTC,20260713T1140Z,colorized_ir_clouds,32_gist_rainbow,20260713T1140Z_colorized_ir_clouds_32_gist_rainbow.png,20260713T1140Z\composites_40\colorized_ir_clouds\20260713T1140Z_colorized_ir_clouds_32_gist_rainbow.png
0071,2026-07-13 11:40 UTC,20260713T1140Z,colorized_ir_clouds,33_nipy_spectral,20260713T1140Z_colorized_ir_clouds_33_nipy_spectral.png,20260713T1140Z\composites_40\colorized_ir_clouds\20260713T1140Z_colorized_ir_clouds_33_nipy_spectral.png
0071,2026-07-13 11:40 UTC,20260713T1140Z,colorized_ir_clouds,34_turbo,20260713T1140Z_colorized_ir_clouds_34_turbo.png,20260713T1140Z\composites_40\colorized_ir_clouds\20260713T1140Z_colorized_ir_clouds_34_turbo.png
0071,2026-07-13 11:40 UTC,20260713T1140Z,colorized_ir_clouds,35_gnuplot,20260713T1140Z_colorized_ir_clouds_35_gnuplot.png,20260713T1140Z\composites_40\colorized_ir_clouds\20260713T1140Z_colorized_ir_clouds_35_gnuplot.png
0071,2026-07-13 11:40 UTC,20260713T1140Z,colorized_ir_clouds,36_gnuplot2,20260713T1140Z_colorized_ir_clouds_36_gnuplot2.png,20260713T1140Z\composites_40\colorized_ir_clouds\20260713T1140Z_colorized_ir_clouds_36_gnuplot2.png
0071,2026-07-13 11:40 UTC,20260713T1140Z,colorized_ir_clouds,37_cmrmap,20260713T1140Z_colorized_ir_clouds_37_cmrmap.png,20260713T1140Z\composites_40\colorized_ir_clouds\20260713T1140Z_colorized_ir_clouds_37_cmrmap.png
0071,2026-07-13 11:40 UTC,20260713T1140Z,colorized_ir_clouds,38_cubehelix,20260713T1140Z_colorized_ir_clouds_38_cubehelix.png,20260713T1140Z\composites_40\colorized_ir_clouds\20260713T1140Z_colorized_ir_clouds_38_cubehelix.png
0071,2026-07-13 11:40 UTC,20260713T1140Z,colorized_ir_clouds,39_brg,20260713T1140Z_colorized_ir_clouds_39_brg.png,20260713T1140Z\composites_40\colorized_ir_clouds\20260713T1140Z_colorized_ir_clouds_39_brg.png
0071,2026-07-13 11:40 UTC,20260713T1140Z,colorized_ir_clouds,40_tab20b,20260713T1140Z_colorized_ir_clouds_40_tab20b.png,20260713T1140Z\composites_40\colorized_ir_clouds\20260713T1140Z_colorized_ir_clouds_40_tab20b.png
0071,2026-07-13 11:40 UTC,20260713T1140Z,convection,01_grayr,20260713T1140Z_convection_01_grayr.png,20260713T1140Z\composites_40\convection\20260713T1140Z_convection_01_grayr.png
0071,2026-07-13 11:40 UTC,20260713T1140Z,convection,02_gray,20260713T1140Z_convection_02_gray.png,20260713T1140Z\composites_40\convection\20260713T1140Z_convection_02_gray.png
0071,2026-07-13 11:40 UTC,20260713T1140Z,convection,03_jet,20260713T1140Z_convection_03_jet.png,20260713T1140Z\composites_40\convection\20260713T1140Z_convection_03_jet.png
0071,2026-07-13 11:40 UTC,20260713T1140Z,convection,04_hsv,20260713T1140Z_convection_04_hsv.png,20260713T1140Z\composites_40\convection\20260713T1140Z_convection_04_hsv.png
0071,2026-07-13 11:40 UTC,20260713T1140Z,convection,05_inferno,20260713T1140Z_convection_05_inferno.png,20260713T1140Z\composites_40\convection\20260713T1140Z_convection_05_inferno.png
0071,2026-07-13 11:40 UTC,20260713T1140Z,convection,06_magma,20260713T1140Z_convection_06_magma.png,20260713T1140Z\composites_40\convection\20260713T1140Z_convection_06_magma.png
0071,2026-07-13 11:40 UTC,20260713T1140Z,convection,07_plasma,20260713T1140Z_convection_07_plasma.png,20260713T1140Z\composites_40\convection\20260713T1140Z_convection_07_plasma.png
0071,2026-07-13 11:40 UTC,20260713T1140Z,convection,08_viridis,20260713T1140Z_convection_08_viridis.png,20260713T1140Z\composites_40\convection\20260713T1140Z_convection_08_viridis.png
0071,2026-07-13 11:40 UTC,20260713T1140Z,convection,09_cividis,20260713T1140Z_convection_09_cividis.png,20260713T1140Z\composites_40\convection\20260713T1140Z_convection_09_cividis.png
0071,2026-07-13 11:40 UTC,20260713T1140Z,convection,10_spectral,20260713T1140Z_convection_10_spectral.png,20260713T1140Z\composites_40\convection\20260713T1140Z_convection_10_spectral.png
0071,2026-07-13 11:40 UTC,20260713T1140Z,convection,11_spectralr,20260713T1140Z_convection_11_spectralr.png,20260713T1140Z\composites_40\convection\20260713T1140Z_convection_11_spectralr.png
0071,2026-07-13 11:40 UTC,20260713T1140Z,convection,12_rdylbu,20260713T1140Z_convection_12_rdylbu.png,20260713T1140Z\composites_40\convection\20260713T1140Z_convection_12_rdylbu.png
0071,2026-07-13 11:40 UTC,20260713T1140Z,convection,13_rdylbur,20260713T1140Z_convection_13_rdylbur.png,20260713T1140Z\composites_40\convection\20260713T1140Z_convection_13_rdylbur.png
0071,2026-07-13 11:40 UTC,20260713T1140Z,convection,14_coolwarm,20260713T1140Z_convection_14_coolwarm.png,20260713T1140Z\composites_40\convection\20260713T1140Z_convection_14_coolwarm.png
0071,2026-07-13 11:40 UTC,20260713T1140Z,convection,15_bwr,20260713T1140Z_convection_15_bwr.png,20260713T1140Z\composites_40\convection\20260713T1140Z_convection_15_bwr.png
0071,2026-07-13 11:40 UTC,20260713T1140Z,convection,16_seismic,20260713T1140Z_convection_16_seismic.png,20260713T1140Z\composites_40\convection\20260713T1140Z_convection_16_seismic.png
0071,2026-07-13 11:40 UTC,20260713T1140Z,convection,17_ylorrd,20260713T1140Z_convection_17_ylorrd.png,20260713T1140Z\composites_40\convection\20260713T1140Z_convection_17_ylorrd.png
0071,2026-07-13 11:40 UTC,20260713T1140Z,convection,18_ylorrd_r,20260713T1140Z_convection_18_ylorrd_r.png,20260713T1140Z\composites_40\convection\20260713T1140Z_convection_18_ylorrd_r.png
0071,2026-07-13 11:40 UTC,20260713T1140Z,convection,19_hot,20260713T1140Z_convection_19_hot.png,20260713T1140Z\composites_40\convection\20260713T1140Z_convection_19_hot.png
0071,2026-07-13 11:40 UTC,20260713T1140Z,convection,20_hotr,20260713T1140Z_convection_20_hotr.png,20260713T1140Z\composites_40\convection\20260713T1140Z_convection_20_hotr.png
0071,2026-07-13 11:40 UTC,20260713T1140Z,convection,21_afmhot,20260713T1140Z_convection_21_afmhot.png,20260713T1140Z\composites_40\convection\20260713T1140Z_convection_21_afmhot.png
0071,2026-07-13 11:40 UTC,20260713T1140Z,convection,22_gist_heat,20260713T1140Z_convection_22_gist_heat.png,20260713T1140Z\composites_40\convection\20260713T1140Z_convection_22_gist_heat.png
0071,2026-07-13 11:40 UTC,20260713T1140Z,convection,23_copper,20260713T1140Z_convection_23_copper.png,20260713T1140Z\composites_40\convection\20260713T1140Z_convection_23_copper.png
0071,2026-07-13 11:40 UTC,20260713T1140Z,convection,24_autumn,20260713T1140Z_convection_24_autumn.png,20260713T1140Z\composites_40\convection\20260713T1140Z_convection_24_autumn.png
0071,2026-07-13 11:40 UTC,20260713T1140Z,convection,25_summer,20260713T1140Z_convection_25_summer.png,20260713T1140Z\composites_40\convection\20260713T1140Z_convection_25_summer.png
0071,2026-07-13 11:40 UTC,20260713T1140Z,convection,26_spring,20260713T1140Z_convection_26_spring.png,20260713T1140Z\composites_40\convection\20260713T1140Z_convection_26_spring.png
0071,2026-07-13 11:40 UTC,20260713T1140Z,convection,27_winter,20260713T1140Z_convection_27_winter.png,20260713T1140Z\composites_40\convection\20260713T1140Z_convection_27_winter.png
0071,2026-07-13 11:40 UTC,20260713T1140Z,convection,28_ocean,20260713T1140Z_convection_28_ocean.png,20260713T1140Z\composites_40\convection\20260713T1140Z_convection_28_ocean.png
0071,2026-07-13 11:40 UTC,20260713T1140Z,convection,29_terrain,20260713T1140Z_convection_29_terrain.png,20260713T1140Z\composites_40\convection\20260713T1140Z_convection_29_terrain.png
0071,2026-07-13 11:40 UTC,20260713T1140Z,convection,30_gist_earth,20260713T1140Z_convection_30_gist_earth.png,20260713T1140Z\composites_40\convection\20260713T1140Z_convection_30_gist_earth.png
0071,2026-07-13 11:40 UTC,20260713T1140Z,convection,31_gist_ncar,20260713T1140Z_convection_31_gist_ncar.png,20260713T1140Z\composites_40\convection\20260713T1140Z_convection_31_gist_ncar.png
0071,2026-07-13 11:40 UTC,20260713T1140Z,convection,32_gist_rainbow,20260713T1140Z_convection_32_gist_rainbow.png,20260713T1140Z\composites_40\convection\20260713T1140Z_convection_32_gist_rainbow.png
0071,2026-07-13 11:40 UTC,20260713T1140Z,convection,33_nipy_spectral,20260713T1140Z_convection_33_nipy_spectral.png,20260713T1140Z\composites_40\convection\20260713T1140Z_convection_33_nipy_spectral.png
0071,2026-07-13 11:40 UTC,20260713T1140Z,convection,34_turbo,20260713T1140Z_convection_34_turbo.png,20260713T1140Z\composites_40\convection\20260713T1140Z_convection_34_turbo.png
0071,2026-07-13 11:40 UTC,20260713T1140Z,convection,35_gnuplot,20260713T1140Z_convection_35_gnuplot.png,20260713T1140Z\composites_40\convection\20260713T1140Z_convection_35_gnuplot.png
0071,2026-07-13 11:40 UTC,20260713T1140Z,convection,36_gnuplot2,20260713T1140Z_convection_36_gnuplot2.png,20260713T1140Z\composites_40\convection\20260713T1140Z_convection_36_gnuplot2.png
0071,2026-07-13 11:40 UTC,20260713T1140Z,convection,37_cmrmap,20260713T1140Z_convection_37_cmrmap.png,20260713T1140Z\composites_40\convection\20260713T1140Z_convection_37_cmrmap.png
0071,2026-07-13 11:40 UTC,20260713T1140Z,convection,38_cubehelix,20260713T1140Z_convection_38_cubehelix.png,20260713T1140Z\composites_40\convection\20260713T1140Z_convection_38_cubehelix.png
0071,2026-07-13 11:40 UTC,20260713T1140Z,convection,39_brg,20260713T1140Z_convection_39_brg.png,20260713T1140Z\composites_40\convection\20260713T1140Z_convection_39_brg.png
0071,2026-07-13 11:40 UTC,20260713T1140Z,convection,40_tab20b,20260713T1140Z_convection_40_tab20b.png,20260713T1140Z\composites_40\convection\20260713T1140Z_convection_40_tab20b.png
0071,2026-07-13 11:40 UTC,20260713T1140Z,day_severe_storms,01_grayr,20260713T1140Z_day_severe_storms_01_grayr.png,20260713T1140Z\composites_40\day_severe_storms\20260713T1140Z_day_severe_storms_01_grayr.png
0071,2026-07-13 11:40 UTC,20260713T1140Z,day_severe_storms,02_gray,20260713T1140Z_day_severe_storms_02_gray.png,20260713T1140Z\composites_40\day_severe_storms\20260713T1140Z_day_severe_storms_02_gray.png
0071,2026-07-13 11:40 UTC,20260713T1140Z,day_severe_storms,03_jet,20260713T1140Z_day_severe_storms_03_jet.png,20260713T1140Z\composites_40\day_severe_storms\20260713T1140Z_day_severe_storms_03_jet.png
0071,2026-07-13 11:40 UTC,20260713T1140Z,day_severe_storms,04_hsv,20260713T1140Z_day_severe_storms_04_hsv.png,20260713T1140Z\composites_40\day_severe_storms\20260713T1140Z_day_severe_storms_04_hsv.png
0071,2026-07-13 11:40 UTC,20260713T1140Z,day_severe_storms,05_inferno,20260713T1140Z_day_severe_storms_05_inferno.png,20260713T1140Z\composites_40\day_severe_storms\20260713T1140Z_day_severe_storms_05_inferno.png
0071,2026-07-13 11:40 UTC,20260713T1140Z,day_severe_storms,06_magma,20260713T1140Z_day_severe_storms_06_magma.png,20260713T1140Z\composites_40\day_severe_storms\20260713T1140Z_day_severe_storms_06_magma.png
0071,2026-07-13 11:40 UTC,20260713T1140Z,day_severe_storms,07_plasma,20260713T1140Z_day_severe_storms_07_plasma.png,20260713T1140Z\composites_40\day_severe_storms\20260713T1140Z_day_severe_storms_07_plasma.png
0071,2026-07-13 11:40 UTC,20260713T1140Z,day_severe_storms,08_viridis,20260713T1140Z_day_severe_storms_08_viridis.png,20260713T1140Z\composites_40\day_severe_storms\20260713T1140Z_day_severe_storms_08_viridis.png
0071,2026-07-13 11:40 UTC,20260713T1140Z,day_severe_storms,09_cividis,20260713T1140Z_day_severe_storms_09_cividis.png,20260713T1140Z\composites_40\day_severe_storms\20260713T1140Z_day_severe_storms_09_cividis.png
0071,2026-07-13 11:40 UTC,20260713T1140Z,day_severe_storms,10_spectral,20260713T1140Z_day_severe_storms_10_spectral.png,20260713T1140Z\composites_40\day_severe_storms\20260713T1140Z_day_severe_storms_10_spectral.png
0071,2026-07-13 11:40 UTC,20260713T1140Z,day_severe_storms,11_spectralr,20260713T1140Z_day_severe_storms_11_spectralr.png,20260713T1140Z\composites_40\day_severe_storms\20260713T1140Z_day_severe_storms_11_spectralr.png
0071,2026-07-13 11:40 UTC,20260713T1140Z,day_severe_storms,12_rdylbu,20260713T1140Z_day_severe_storms_12_rdylbu.png,20260713T1140Z\composites_40\day_severe_storms\20260713T1140Z_day_severe_storms_12_rdylbu.png
0071,2026-07-13 11:40 UTC,20260713T1140Z,day_severe_storms,13_rdylbur,20260713T1140Z_day_severe_storms_13_rdylbur.png,20260713T1140Z\composites_40\day_severe_storms\20260713T1140Z_day_severe_storms_13_rdylbur.png
0071,2026-07-13 11:40 UTC,20260713T1140Z,day_severe_storms,14_coolwarm,20260713T1140Z_day_severe_storms_14_coolwarm.png,20260713T1140Z\composites_40\day_severe_storms\20260713T1140Z_day_severe_storms_14_coolwarm.png
0071,2026-07-13 11:40 UTC,20260713T1140Z,day_severe_storms,15_bwr,20260713T1140Z_day_severe_storms_15_bwr.png,20260713T1140Z\composites_40\day_severe_storms\20260713T1140Z_day_severe_storms_15_bwr.png
0071,2026-07-13 11:40 UTC,20260713T1140Z,day_severe_storms,16_seismic,20260713T1140Z_day_severe_storms_16_seismic.png,20260713T1140Z\composites_40\day_severe_storms\20260713T1140Z_day_severe_storms_16_seismic.png
0071,2026-07-13 11:40 UTC,20260713T1140Z,day_severe_storms,17_ylorrd,20260713T1140Z_day_severe_storms_17_ylorrd.png,20260713T1140Z\composites_40\day_severe_storms\20260713T1140Z_day_severe_storms_17_ylorrd.png
0071,2026-07-13 11:40 UTC,20260713T1140Z,day_severe_storms,18_ylorrd_r,20260713T1140Z_day_severe_storms_18_ylorrd_r.png,20260713T1140Z\composites_40\day_severe_storms\20260713T1140Z_day_severe_storms_18_ylorrd_r.png
0071,2026-07-13 11:40 UTC,20260713T1140Z,day_severe_storms,19_hot,20260713T1140Z_day_severe_storms_19_hot.png,20260713T1140Z\composites_40\day_severe_storms\20260713T1140Z_day_severe_storms_19_hot.png
0071,2026-07-13 11:40 UTC,20260713T1140Z,day_severe_storms,20_hotr,20260713T1140Z_day_severe_storms_20_hotr.png,20260713T1140Z\composites_40\day_severe_storms\20260713T1140Z_day_severe_storms_20_hotr.png
0071,2026-07-13 11:40 UTC,20260713T1140Z,day_severe_storms,21_afmhot,20260713T1140Z_day_severe_storms_21_afmhot.png,20260713T1140Z\composites_40\day_severe_storms\20260713T1140Z_day_severe_storms_21_afmhot.png
0071,2026-07-13 11:40 UTC,20260713T1140Z,day_severe_storms,22_gist_heat,20260713T1140Z_day_severe_storms_22_gist_heat.png,20260713T1140Z\composites_40\day_severe_storms\20260713T1140Z_day_severe_storms_22_gist_heat.png
0071,2026-07-13 11:40 UTC,20260713T1140Z,day_severe_storms,23_copper,20260713T1140Z_day_severe_storms_23_copper.png,20260713T1140Z\composites_40\day_severe_storms\20260713T1140Z_day_severe_storms_23_copper.png
0071,2026-07-13 11:40 UTC,20260713T1140Z,day_severe_storms,24_autumn,20260713T1140Z_day_severe_storms_24_autumn.png,20260713T1140Z\composites_40\day_severe_storms\20260713T1140Z_day_severe_storms_24_autumn.png
0071,2026-07-13 11:40 UTC,20260713T1140Z,day_severe_storms,25_summer,20260713T1140Z_day_severe_storms_25_summer.png,20260713T1140Z\composites_40\day_severe_storms\20260713T1140Z_day_severe_storms_25_summer.png
0071,2026-07-13 11:40 UTC,20260713T1140Z,day_severe_storms,26_spring,20260713T1140Z_day_severe_storms_26_spring.png,20260713T1140Z\composites_40\day_severe_storms\20260713T1140Z_day_severe_storms_26_spring.png
0071,2026-07-13 11:40 UTC,20260713T1140Z,day_severe_storms,27_winter,20260713T1140Z_day_severe_storms_27_winter.png,20260713T1140Z\composites_40\day_severe_storms\20260713T1140Z_day_severe_storms_27_winter.png
0071,2026-07-13 11:40 UTC,20260713T1140Z,day_severe_storms,28_ocean,20260713T1140Z_day_severe_storms_28_ocean.png,20260713T1140Z\composites_40\day_severe_storms\20260713T1140Z_day_severe_storms_28_ocean.png
0071,2026-07-13 11:40 UTC,20260713T1140Z,day_severe_storms,29_terrain,20260713T1140Z_day_severe_storms_29_terrain.png,20260713T1140Z\composites_40\day_severe_storms\20260713T1140Z_day_severe_storms_29_terrain.png
0071,2026-07-13 11:40 UTC,20260713T1140Z,day_severe_storms,30_gist_earth,20260713T1140Z_day_severe_storms_30_gist_earth.png,20260713T1140Z\composites_40\day_severe_storms\20260713T1140Z_day_severe_storms_30_gist_earth.png
0071,2026-07-13 11:40 UTC,20260713T1140Z,day_severe_storms,31_gist_ncar,20260713T1140Z_day_severe_storms_31_gist_ncar.png,20260713T1140Z\composites_40\day_severe_storms\20260713T1140Z_day_severe_storms_31_gist_ncar.png
0071,2026-07-13 11:40 UTC,20260713T1140Z,day_severe_storms,32_gist_rainbow,20260713T1140Z_day_severe_storms_32_gist_rainbow.png,20260713T1140Z\composites_40\day_severe_storms\20260713T1140Z_day_severe_storms_32_gist_rainbow.png
0071,2026-07-13 11:40 UTC,20260713T1140Z,day_severe_storms,33_nipy_spectral,20260713T1140Z_day_severe_storms_33_nipy_spectral.png,20260713T1140Z\composites_40\day_severe_storms\20260713T1140Z_day_severe_storms_33_nipy_spectral.png
0071,2026-07-13 11:40 UTC,20260713T1140Z,day_severe_storms,34_turbo,20260713T1140Z_day_severe_storms_34_turbo.png,20260713T1140Z\composites_40\day_severe_storms\20260713T1140Z_day_severe_storms_34_turbo.png
0071,2026-07-13 11:40 UTC,20260713T1140Z,day_severe_storms,35_gnuplot,20260713T1140Z_day_severe_storms_35_gnuplot.png,20260713T1140Z\composites_40\day_severe_storms\20260713T1140Z_day_severe_storms_35_gnuplot.png
0071,2026-07-13 11:40 UTC,20260713T1140Z,day_severe_storms,36_gnuplot2,20260713T1140Z_day_severe_storms_36_gnuplot2.png,20260713T1140Z\composites_40\day_severe_storms\20260713T1140Z_day_severe_storms_36_gnuplot2.png
0071,2026-07-13 11:40 UTC,20260713T1140Z,day_severe_storms,37_cmrmap,20260713T1140Z_day_severe_storms_37_cmrmap.png,20260713T1140Z\composites_40\day_severe_storms\20260713T1140Z_day_severe_storms_37_cmrmap.png
0071,2026-07-13 11:40 UTC,20260713T1140Z,day_severe_storms,38_cubehelix,20260713T1140Z_day_severe_storms_38_cubehelix.png,20260713T1140Z\composites_40\day_severe_storms\20260713T1140Z_day_severe_storms_38_cubehelix.png
0071,2026-07-13 11:40 UTC,20260713T1140Z,day_severe_storms,39_brg,20260713T1140Z_day_severe_storms_39_brg.png,20260713T1140Z\composites_40\day_severe_storms\20260713T1140Z_day_severe_storms_39_brg.png
0071,2026-07-13 11:40 UTC,20260713T1140Z,day_severe_storms,40_tab20b,20260713T1140Z_day_severe_storms_40_tab20b.png,20260713T1140Z\composites_40\day_severe_storms\20260713T1140Z_day_severe_storms_40_tab20b.png
0071,2026-07-13 11:40 UTC,20260713T1140Z,dust,01_grayr,20260713T1140Z_dust_01_grayr.png,20260713T1140Z\composites_40\dust\20260713T1140Z_dust_01_grayr.png
0071,2026-07-13 11:40 UTC,20260713T1140Z,dust,02_gray,20260713T1140Z_dust_02_gray.png,20260713T1140Z\composites_40\dust\20260713T1140Z_dust_02_gray.png
0071,2026-07-13 11:40 UTC,20260713T1140Z,dust,03_jet,20260713T1140Z_dust_03_jet.png,20260713T1140Z\composites_40\dust\20260713T1140Z_dust_03_jet.png
0071,2026-07-13 11:40 UTC,20260713T1140Z,dust,04_hsv,20260713T1140Z_dust_04_hsv.png,20260713T1140Z\composites_40\dust\20260713T1140Z_dust_04_hsv.png
0071,2026-07-13 11:40 UTC,20260713T1140Z,dust,05_inferno,20260713T1140Z_dust_05_inferno.png,20260713T1140Z\composites_40\dust\20260713T1140Z_dust_05_inferno.png
0071,2026-07-13 11:40 UTC,20260713T1140Z,dust,06_magma,20260713T1140Z_dust_06_magma.png,20260713T1140Z\composites_40\dust\20260713T1140Z_dust_06_magma.png
0071,2026-07-13 11:40 UTC,20260713T1140Z,dust,07_plasma,20260713T1140Z_dust_07_plasma.png,20260713T1140Z\composites_40\dust\20260713T1140Z_dust_07_plasma.png
0071,2026-07-13 11:40 UTC,20260713T1140Z,dust,08_viridis,20260713T1140Z_dust_08_viridis.png,20260713T1140Z\composites_40\dust\20260713T1140Z_dust_08_viridis.png
0071,2026-07-13 11:40 UTC,20260713T1140Z,dust,09_cividis,20260713T1140Z_dust_09_cividis.png,20260713T1140Z\composites_40\dust\20260713T1140Z_dust_09_cividis.png
0071,2026-07-13 11:40 UTC,20260713T1140Z,dust,10_spectral,20260713T1140Z_dust_10_spectral.png,20260713T1140Z\composites_40\dust\20260713T1140Z_dust_10_spectral.png
0071,2026-07-13 11:40 UTC,20260713T1140Z,dust,11_spectralr,20260713T1140Z_dust_11_spectralr.png,20260713T1140Z\composites_40\dust\20260713T1140Z_dust_11_spectralr.png
0071,2026-07-13 11:40 UTC,20260713T1140Z,dust,12_rdylbu,20260713T1140Z_dust_12_rdylbu.png,20260713T1140Z\composites_40\dust\20260713T1140Z_dust_12_rdylbu.png
0071,2026-07-13 11:40 UTC,20260713T1140Z,dust,13_rdylbur,20260713T1140Z_dust_13_rdylbur.png,20260713T1140Z\composites_40\dust\20260713T1140Z_dust_13_rdylbur.png
0071,2026-07-13 11:40 UTC,20260713T1140Z,dust,14_coolwarm,20260713T1140Z_dust_14_coolwarm.png,20260713T1140Z\composites_40\dust\20260713T1140Z_dust_14_coolwarm.png
0071,2026-07-13 11:40 UTC,20260713T1140Z,dust,15_bwr,20260713T1140Z_dust_15_bwr.png,20260713T1140Z\composites_40\dust\20260713T1140Z_dust_15_bwr.png
0071,2026-07-13 11:40 UTC,20260713T1140Z,dust,16_seismic,20260713T1140Z_dust_16_seismic.png,20260713T1140Z\composites_40\dust\20260713T1140Z_dust_16_seismic.png
0071,2026-07-13 11:40 UTC,20260713T1140Z,dust,17_ylorrd,20260713T1140Z_dust_17_ylorrd.png,20260713T1140Z\composites_40\dust\20260713T1140Z_dust_17_ylorrd.png
0071,2026-07-13 11:40 UTC,20260713T1140Z,dust,18_ylorrd_r,20260713T1140Z_dust_18_ylorrd_r.png,20260713T1140Z\composites_40\dust\20260713T1140Z_dust_18_ylorrd_r.png
0071,2026-07-13 11:40 UTC,20260713T1140Z,dust,19_hot,20260713T1140Z_dust_19_hot.png,20260713T1140Z\composites_40\dust\20260713T1140Z_dust_19_hot.png
0071,2026-07-13 11:40 UTC,20260713T1140Z,dust,20_hotr,20260713T1140Z_dust_20_hotr.png,20260713T1140Z\composites_40\dust\20260713T1140Z_dust_20_hotr.png
0071,2026-07-13 11:40 UTC,20260713T1140Z,dust,21_afmhot,20260713T1140Z_dust_21_afmhot.png,20260713T1140Z\composites_40\dust\20260713T1140Z_dust_21_afmhot.png
0071,2026-07-13 11:40 UTC,20260713T1140Z,dust,22_gist_heat,20260713T1140Z_dust_22_gist_heat.png,20260713T1140Z\composites_40\dust\20260713T1140Z_dust_22_gist_heat.png
0071,2026-07-13 11:40 UTC,20260713T1140Z,dust,23_copper,20260713T1140Z_dust_23_copper.png,20260713T1140Z\composites_40\dust\20260713T1140Z_dust_23_copper.png
0071,2026-07-13 11:40 UTC,20260713T1140Z,dust,24_autumn,20260713T1140Z_dust_24_autumn.png,20260713T1140Z\composites_40\dust\20260713T1140Z_dust_24_autumn.png
0071,2026-07-13 11:40 UTC,20260713T1140Z,dust,25_summer,20260713T1140Z_dust_25_summer.png,20260713T1140Z\composites_40\dust\20260713T1140Z_dust_25_summer.png
0071,2026-07-13 11:40 UTC,20260713T1140Z,dust,26_spring,20260713T1140Z_dust_26_spring.png,20260713T1140Z\composites_40\dust\20260713T1140Z_dust_26_spring.png
0071,2026-07-13 11:40 UTC,20260713T1140Z,dust,27_winter,20260713T1140Z_dust_27_winter.png,20260713T1140Z\composites_40\dust\20260713T1140Z_dust_27_winter.png
0071,2026-07-13 11:40 UTC,20260713T1140Z,dust,28_ocean,20260713T1140Z_dust_28_ocean.png,20260713T1140Z\composites_40\dust\20260713T1140Z_dust_28_ocean.png
0071,2026-07-13 11:40 UTC,20260713T1140Z,dust,29_terrain,20260713T1140Z_dust_29_terrain.png,20260713T1140Z\composites_40\dust\20260713T1140Z_dust_29_terrain.png
0071,2026-07-13 11:40 UTC,20260713T1140Z,dust,30_gist_earth,20260713T1140Z_dust_30_gist_earth.png,20260713T1140Z\composites_40\dust\20260713T1140Z_dust_30_gist_earth.png
0071,2026-07-13 11:40 UTC,20260713T1140Z,dust,31_gist_ncar,20260713T1140Z_dust_31_gist_ncar.png,20260713T1140Z\composites_40\dust\20260713T1140Z_dust_31_gist_ncar.png
0071,2026-07-13 11:40 UTC,20260713T1140Z,dust,32_gist_rainbow,20260713T1140Z_dust_32_gist_rainbow.png,20260713T1140Z\composites_40\dust\20260713T1140Z_dust_32_gist_rainbow.png
0071,2026-07-13 11:40 UTC,20260713T1140Z,dust,33_nipy_spectral,20260713T1140Z_dust_33_nipy_spectral.png,20260713T1140Z\composites_40\dust\20260713T1140Z_dust_33_nipy_spectral.png
0071,2026-07-13 11:40 UTC,20260713T1140Z,dust,34_turbo,20260713T1140Z_dust_34_turbo.png,20260713T1140Z\composites_40\dust\20260713T1140Z_dust_34_turbo.png
0071,2026-07-13 11:40 UTC,20260713T1140Z,dust,35_gnuplot,20260713T1140Z_dust_35_gnuplot.png,20260713T1140Z\composites_40\dust\20260713T1140Z_dust_35_gnuplot.png
0071,2026-07-13 11:40 UTC,20260713T1140Z,dust,36_gnuplot2,20260713T1140Z_dust_36_gnuplot2.png,20260713T1140Z\composites_40\dust\20260713T1140Z_dust_36_gnuplot2.png
0071,2026-07-13 11:40 UTC,20260713T1140Z,dust,37_cmrmap,20260713T1140Z_dust_37_cmrmap.png,20260713T1140Z\composites_40\dust\20260713T1140Z_dust_37_cmrmap.png
0071,2026-07-13 11:40 UTC,20260713T1140Z,dust,38_cubehelix,20260713T1140Z_dust_38_cubehelix.png,20260713T1140Z\composites_40\dust\20260713T1140Z_dust_38_cubehelix.png
0071,2026-07-13 11:40 UTC,20260713T1140Z,dust,39_brg,20260713T1140Z_dust_39_brg.png,20260713T1140Z\composites_40\dust\20260713T1140Z_dust_39_brg.png
0071,2026-07-13 11:40 UTC,20260713T1140Z,dust,40_tab20b,20260713T1140Z_dust_40_tab20b.png,20260713T1140Z\composites_40\dust\20260713T1140Z_dust_40_tab20b.png
0071,2026-07-13 11:40 UTC,20260713T1140Z,fog,01_grayr,20260713T1140Z_fog_01_grayr.png,20260713T1140Z\composites_40\fog\20260713T1140Z_fog_01_grayr.png
0071,2026-07-13 11:40 UTC,20260713T1140Z,fog,02_gray,20260713T1140Z_fog_02_gray.png,20260713T1140Z\composites_40\fog\20260713T1140Z_fog_02_gray.png
0071,2026-07-13 11:40 UTC,20260713T1140Z,fog,03_jet,20260713T1140Z_fog_03_jet.png,20260713T1140Z\composites_40\fog\20260713T1140Z_fog_03_jet.png
0071,2026-07-13 11:40 UTC,20260713T1140Z,fog,04_hsv,20260713T1140Z_fog_04_hsv.png,20260713T1140Z\composites_40\fog\20260713T1140Z_fog_04_hsv.png
0071,2026-07-13 11:40 UTC,20260713T1140Z,fog,05_inferno,20260713T1140Z_fog_05_inferno.png,20260713T1140Z\composites_40\fog\20260713T1140Z_fog_05_inferno.png
0071,2026-07-13 11:40 UTC,20260713T1140Z,fog,06_magma,20260713T1140Z_fog_06_magma.png,20260713T1140Z\composites_40\fog\20260713T1140Z_fog_06_magma.png
0071,2026-07-13 11:40 UTC,20260713T1140Z,fog,07_plasma,20260713T1140Z_fog_07_plasma.png,20260713T1140Z\composites_40\fog\20260713T1140Z_fog_07_plasma.png
0071,2026-07-13 11:40 UTC,20260713T1140Z,fog,08_viridis,20260713T1140Z_fog_08_viridis.png,20260713T1140Z\composites_40\fog\20260713T1140Z_fog_08_viridis.png
0071,2026-07-13 11:40 UTC,20260713T1140Z,fog,09_cividis,20260713T1140Z_fog_09_cividis.png,20260713T1140Z\composites_40\fog\20260713T1140Z_fog_09_cividis.png
0071,2026-07-13 11:40 UTC,20260713T1140Z,fog,10_spectral,20260713T1140Z_fog_10_spectral.png,20260713T1140Z\composites_40\fog\20260713T1140Z_fog_10_spectral.png
0071,2026-07-13 11:40 UTC,20260713T1140Z,fog,11_spectralr,20260713T1140Z_fog_11_spectralr.png,20260713T1140Z\composites_40\fog\20260713T1140Z_fog_11_spectralr.png
0071,2026-07-13 11:40 UTC,20260713T1140Z,fog,12_rdylbu,20260713T1140Z_fog_12_rdylbu.png,20260713T1140Z\composites_40\fog\20260713T1140Z_fog_12_rdylbu.png
0071,2026-07-13 11:40 UTC,20260713T1140Z,fog,13_rdylbur,20260713T1140Z_fog_13_rdylbur.png,20260713T1140Z\composites_40\fog\20260713T1140Z_fog_13_rdylbur.png
0071,2026-07-13 11:40 UTC,20260713T1140Z,fog,14_coolwarm,20260713T1140Z_fog_14_coolwarm.png,20260713T1140Z\composites_40\fog\20260713T1140Z_fog_14_coolwarm.png
0071,2026-07-13 11:40 UTC,20260713T1140Z,fog,15_bwr,20260713T1140Z_fog_15_bwr.png,20260713T1140Z\composites_40\fog\20260713T1140Z_fog_15_bwr.png
0071,2026-07-13 11:40 UTC,20260713T1140Z,fog,16_seismic,20260713T1140Z_fog_16_seismic.png,20260713T1140Z\composites_40\fog\20260713T1140Z_fog_16_seismic.png
0071,2026-07-13 11:40 UTC,20260713T1140Z,fog,17_ylorrd,20260713T1140Z_fog_17_ylorrd.png,20260713T1140Z\composites_40\fog\20260713T1140Z_fog_17_ylorrd.png
0071,2026-07-13 11:40 UTC,20260713T1140Z,fog,18_ylorrd_r,20260713T1140Z_fog_18_ylorrd_r.png,20260713T1140Z\composites_40\fog\20260713T1140Z_fog_18_ylorrd_r.png
0071,2026-07-13 11:40 UTC,20260713T1140Z,fog,19_hot,20260713T1140Z_fog_19_hot.png,20260713T1140Z\composites_40\fog\20260713T1140Z_fog_19_hot.png
0071,2026-07-13 11:40 UTC,20260713T1140Z,fog,20_hotr,20260713T1140Z_fog_20_hotr.png,20260713T1140Z\composites_40\fog\20260713T1140Z_fog_20_hotr.png
0071,2026-07-13 11:40 UTC,20260713T1140Z,fog,21_afmhot,20260713T1140Z_fog_21_afmhot.png,20260713T1140Z\composites_40\fog\20260713T1140Z_fog_21_afmhot.png
0071,2026-07-13 11:40 UTC,20260713T1140Z,fog,22_gist_heat,20260713T1140Z_fog_22_gist_heat.png,20260713T1140Z\composites_40\fog\20260713T1140Z_fog_22_gist_heat.png
0071,2026-07-13 11:40 UTC,20260713T1140Z,fog,23_copper,20260713T1140Z_fog_23_copper.png,20260713T1140Z\composites_40\fog\20260713T1140Z_fog_23_copper.png
0071,2026-07-13 11:40 UTC,20260713T1140Z,fog,24_autumn,20260713T1140Z_fog_24_autumn.png,20260713T1140Z\composites_40\fog\20260713T1140Z_fog_24_autumn.png
0071,2026-07-13 11:40 UTC,20260713T1140Z,fog,25_summer,20260713T1140Z_fog_25_summer.png,20260713T1140Z\composites_40\fog\20260713T1140Z_fog_25_summer.png
0071,2026-07-13 11:40 UTC,20260713T1140Z,fog,26_spring,20260713T1140Z_fog_26_spring.png,20260713T1140Z\composites_40\fog\20260713T1140Z_fog_26_spring.png
0071,2026-07-13 11:40 UTC,20260713T1140Z,fog,27_winter,20260713T1140Z_fog_27_winter.png,20260713T1140Z\composites_40\fog\20260713T1140Z_fog_27_winter.png
0071,2026-07-13 11:40 UTC,20260713T1140Z,fog,28_ocean,20260713T1140Z_fog_28_ocean.png,20260713T1140Z\composites_40\fog\20260713T1140Z_fog_28_ocean.png
0071,2026-07-13 11:40 UTC,20260713T1140Z,fog,29_terrain,20260713T1140Z_fog_29_terrain.png,20260713T1140Z\composites_40\fog\20260713T1140Z_fog_29_terrain.png
0071,2026-07-13 11:40 UTC,20260713T1140Z,fog,30_gist_earth,20260713T1140Z_fog_30_gist_earth.png,20260713T1140Z\composites_40\fog\20260713T1140Z_fog_30_gist_earth.png
0071,2026-07-13 11:40 UTC,20260713T1140Z,fog,31_gist_ncar,20260713T1140Z_fog_31_gist_ncar.png,20260713T1140Z\composites_40\fog\20260713T1140Z_fog_31_gist_ncar.png
0071,2026-07-13 11:40 UTC,20260713T1140Z,fog,32_gist_rainbow,20260713T1140Z_fog_32_gist_rainbow.png,20260713T1140Z\composites_40\fog\20260713T1140Z_fog_32_gist_rainbow.png
0071,2026-07-13 11:40 UTC,20260713T1140Z,fog,33_nipy_spectral,20260713T1140Z_fog_33_nipy_spectral.png,20260713T1140Z\composites_40\fog\20260713T1140Z_fog_33_nipy_spectral.png
0071,2026-07-13 11:40 UTC,20260713T1140Z,fog,34_turbo,20260713T1140Z_fog_34_turbo.png,20260713T1140Z\composites_40\fog\20260713T1140Z_fog_34_turbo.png
0071,2026-07-13 11:40 UTC,20260713T1140Z,fog,35_gnuplot,20260713T1140Z_fog_35_gnuplot.png,20260713T1140Z\composites_40\fog\20260713T1140Z_fog_35_gnuplot.png
0071,2026-07-13 11:40 UTC,20260713T1140Z,fog,36_gnuplot2,20260713T1140Z_fog_36_gnuplot2.png,20260713T1140Z\composites_40\fog\20260713T1140Z_fog_36_gnuplot2.png
0071,2026-07-13 11:40 UTC,20260713T1140Z,fog,37_cmrmap,20260713T1140Z_fog_37_cmrmap.png,20260713T1140Z\composites_40\fog\20260713T1140Z_fog_37_cmrmap.png
0071,2026-07-13 11:40 UTC,20260713T1140Z,fog,38_cubehelix,20260713T1140Z_fog_38_cubehelix.png,20260713T1140Z\composites_40\fog\20260713T1140Z_fog_38_cubehelix.png
0071,2026-07-13 11:40 UTC,20260713T1140Z,fog,39_brg,20260713T1140Z_fog_39_brg.png,20260713T1140Z\composites_40\fog\20260713T1140Z_fog_39_brg.png
0071,2026-07-13 11:40 UTC,20260713T1140Z,fog,40_tab20b,20260713T1140Z_fog_40_tab20b.png,20260713T1140Z\composites_40\fog\20260713T1140Z_fog_40_tab20b.png
0071,2026-07-13 11:40 UTC,20260713T1140Z,natural_color,01_grayr,20260713T1140Z_natural_color_01_grayr.png,20260713T1140Z\composites_40\natural_color\20260713T1140Z_natural_color_01_grayr.png
0071,2026-07-13 11:40 UTC,20260713T1140Z,natural_color,02_gray,20260713T1140Z_natural_color_02_gray.png,20260713T1140Z\composites_40\natural_color\20260713T1140Z_natural_color_02_gray.png
0071,2026-07-13 11:40 UTC,20260713T1140Z,natural_color,03_jet,20260713T1140Z_natural_color_03_jet.png,20260713T1140Z\composites_40\natural_color\20260713T1140Z_natural_color_03_jet.png
0071,2026-07-13 11:40 UTC,20260713T1140Z,natural_color,04_hsv,20260713T1140Z_natural_color_04_hsv.png,20260713T1140Z\composites_40\natural_color\20260713T1140Z_natural_color_04_hsv.png
0071,2026-07-13 11:40 UTC,20260713T1140Z,natural_color,05_inferno,20260713T1140Z_natural_color_05_inferno.png,20260713T1140Z\composites_40\natural_color\20260713T1140Z_natural_color_05_inferno.png
0071,2026-07-13 11:40 UTC,20260713T1140Z,natural_color,06_magma,20260713T1140Z_natural_color_06_magma.png,20260713T1140Z\composites_40\natural_color\20260713T1140Z_natural_color_06_magma.png
0071,2026-07-13 11:40 UTC,20260713T1140Z,natural_color,07_plasma,20260713T1140Z_natural_color_07_plasma.png,20260713T1140Z\composites_40\natural_color\20260713T1140Z_natural_color_07_plasma.png
0071,2026-07-13 11:40 UTC,20260713T1140Z,natural_color,08_viridis,20260713T1140Z_natural_color_08_viridis.png,20260713T1140Z\composites_40\natural_color\20260713T1140Z_natural_color_08_viridis.png
0071,2026-07-13 11:40 UTC,20260713T1140Z,natural_color,09_cividis,20260713T1140Z_natural_color_09_cividis.png,20260713T1140Z\composites_40\natural_color\20260713T1140Z_natural_color_09_cividis.png
0071,2026-07-13 11:40 UTC,20260713T1140Z,natural_color,10_spectral,20260713T1140Z_natural_color_10_spectral.png,20260713T1140Z\composites_40\natural_color\20260713T1140Z_natural_color_10_spectral.png
0071,2026-07-13 11:40 UTC,20260713T1140Z,natural_color,11_spectralr,20260713T1140Z_natural_color_11_spectralr.png,20260713T1140Z\composites_40\natural_color\20260713T1140Z_natural_color_11_spectralr.png
0071,2026-07-13 11:40 UTC,20260713T1140Z,natural_color,12_rdylbu,20260713T1140Z_natural_color_12_rdylbu.png,20260713T1140Z\composites_40\natural_color\20260713T1140Z_natural_color_12_rdylbu.png
0071,2026-07-13 11:40 UTC,20260713T1140Z,natural_color,13_rdylbur,20260713T1140Z_natural_color_13_rdylbur.png,20260713T1140Z\composites_40\natural_color\20260713T1140Z_natural_color_13_rdylbur.png
0071,2026-07-13 11:40 UTC,20260713T1140Z,natural_color,14_coolwarm,20260713T1140Z_natural_color_14_coolwarm.png,20260713T1140Z\composites_40\natural_color\20260713T1140Z_natural_color_14_coolwarm.png
0071,2026-07-13 11:40 UTC,20260713T1140Z,natural_color,15_bwr,20260713T1140Z_natural_color_15_bwr.png,20260713T1140Z\composites_40\natural_color\20260713T1140Z_natural_color_15_bwr.png
0071,2026-07-13 11:40 UTC,20260713T1140Z,natural_color,16_seismic,20260713T1140Z_natural_color_16_seismic.png,20260713T1140Z\composites_40\natural_color\20260713T1140Z_natural_color_16_seismic.png
0071,2026-07-13 11:40 UTC,20260713T1140Z,natural_color,17_ylorrd,20260713T1140Z_natural_color_17_ylorrd.png,20260713T1140Z\composites_40\natural_color\20260713T1140Z_natural_color_17_ylorrd.png
0071,2026-07-13 11:40 UTC,20260713T1140Z,natural_color,18_ylorrd_r,20260713T1140Z_natural_color_18_ylorrd_r.png,20260713T1140Z\composites_40\natural_color\20260713T1140Z_natural_color_18_ylorrd_r.png
0071,2026-07-13 11:40 UTC,20260713T1140Z,natural_color,19_hot,20260713T1140Z_natural_color_19_hot.png,20260713T1140Z\composites_40\natural_color\20260713T1140Z_natural_color_19_hot.png
0071,2026-07-13 11:40 UTC,20260713T1140Z,natural_color,20_hotr,20260713T1140Z_natural_color_20_hotr.png,20260713T1140Z\composites_40\natural_color\20260713T1140Z_natural_color_20_hotr.png
0071,2026-07-13 11:40 UTC,20260713T1140Z,natural_color,21_afmhot,20260713T1140Z_natural_color_21_afmhot.png,20260713T1140Z\composites_40\natural_color\20260713T1140Z_natural_color_21_afmhot.png
0071,2026-07-13 11:40 UTC,20260713T1140Z,natural_color,22_gist_heat,20260713T1140Z_natural_color_22_gist_heat.png,20260713T1140Z\composites_40\natural_color\20260713T1140Z_natural_color_22_gist_heat.png
0071,2026-07-13 11:40 UTC,20260713T1140Z,natural_color,23_copper,20260713T1140Z_natural_color_23_copper.png,20260713T1140Z\composites_40\natural_color\20260713T1140Z_natural_color_23_copper.png
0071,2026-07-13 11:40 UTC,20260713T1140Z,natural_color,24_autumn,20260713T1140Z_natural_color_24_autumn.png,20260713T1140Z\composites_40\natural_color\20260713T1140Z_natural_color_24_autumn.png
0071,2026-07-13 11:40 UTC,20260713T1140Z,natural_color,25_summer,20260713T1140Z_natural_color_25_summer.png,20260713T1140Z\composites_40\natural_color\20260713T1140Z_natural_color_25_summer.png
0071,2026-07-13 11:40 UTC,20260713T1140Z,natural_color,26_spring,20260713T1140Z_natural_color_26_spring.png,20260713T1140Z\composites_40\natural_color\20260713T1140Z_natural_color_26_spring.png
0071,2026-07-13 11:40 UTC,20260713T1140Z,natural_color,27_winter,20260713T1140Z_natural_color_27_winter.png,20260713T1140Z\composites_40\natural_color\20260713T1140Z_natural_color_27_winter.png
0071,2026-07-13 11:40 UTC,20260713T1140Z,natural_color,28_ocean,20260713T1140Z_natural_color_28_ocean.png,20260713T1140Z\composites_40\natural_color\20260713T1140Z_natural_color_28_ocean.png
0071,2026-07-13 11:40 UTC,20260713T1140Z,natural_color,29_terrain,20260713T1140Z_natural_color_29_terrain.png,20260713T1140Z\composites_40\natural_color\20260713T1140Z_natural_color_29_terrain.png
0071,2026-07-13 11:40 UTC,20260713T1140Z,natural_color,30_gist_earth,20260713T1140Z_natural_color_30_gist_earth.png,20260713T1140Z\composites_40\natural_color\20260713T1140Z_natural_color_30_gist_earth.png
0071,2026-07-13 11:40 UTC,20260713T1140Z,natural_color,31_gist_ncar,20260713T1140Z_natural_color_31_gist_ncar.png,20260713T1140Z\composites_40\natural_color\20260713T1140Z_natural_color_31_gist_ncar.png
0071,2026-07-13 11:40 UTC,20260713T1140Z,natural_color,32_gist_rainbow,20260713T1140Z_natural_color_32_gist_rainbow.png,20260713T1140Z\composites_40\natural_color\20260713T1140Z_natural_color_32_gist_rainbow.png
0071,2026-07-13 11:40 UTC,20260713T1140Z,natural_color,33_nipy_spectral,20260713T1140Z_natural_color_33_nipy_spectral.png,20260713T1140Z\composites_40\natural_color\20260713T1140Z_natural_color_33_nipy_spectral.png
0071,2026-07-13 11:40 UTC,20260713T1140Z,natural_color,34_turbo,20260713T1140Z_natural_color_34_turbo.png,20260713T1140Z\composites_40\natural_color\20260713T1140Z_natural_color_34_turbo.png
0071,2026-07-13 11:40 UTC,20260713T1140Z,natural_color,35_gnuplot,20260713T1140Z_natural_color_35_gnuplot.png,20260713T1140Z\composites_40\natural_color\20260713T1140Z_natural_color_35_gnuplot.png
0071,2026-07-13 11:40 UTC,20260713T1140Z,natural_color,36_gnuplot2,20260713T1140Z_natural_color_36_gnuplot2.png,20260713T1140Z\composites_40\natural_color\20260713T1140Z_natural_color_36_gnuplot2.png
0071,2026-07-13 11:40 UTC,20260713T1140Z,natural_color,37_cmrmap,20260713T1140Z_natural_color_37_cmrmap.png,20260713T1140Z\composites_40\natural_color\20260713T1140Z_natural_color_37_cmrmap.png
0071,2026-07-13 11:40 UTC,20260713T1140Z,natural_color,38_cubehelix,20260713T1140Z_natural_color_38_cubehelix.png,20260713T1140Z\composites_40\natural_color\20260713T1140Z_natural_color_38_cubehelix.png
0071,2026-07-13 11:40 UTC,20260713T1140Z,natural_color,39_brg,20260713T1140Z_natural_color_39_brg.png,20260713T1140Z\composites_40\natural_color\20260713T1140Z_natural_color_39_brg.png
0071,2026-07-13 11:40 UTC,20260713T1140Z,natural_color,40_tab20b,20260713T1140Z_natural_color_40_tab20b.png,20260713T1140Z\composites_40\natural_color\20260713T1140Z_natural_color_40_tab20b.png
0071,2026-07-13 11:40 UTC,20260713T1140Z,night_microphysics,01_grayr,20260713T1140Z_night_microphysics_01_grayr.png,20260713T1140Z\composites_40\night_microphysics\20260713T1140Z_night_microphysics_01_grayr.png
0071,2026-07-13 11:40 UTC,20260713T1140Z,night_microphysics,02_gray,20260713T1140Z_night_microphysics_02_gray.png,20260713T1140Z\composites_40\night_microphysics\20260713T1140Z_night_microphysics_02_gray.png
0071,2026-07-13 11:40 UTC,20260713T1140Z,night_microphysics,03_jet,20260713T1140Z_night_microphysics_03_jet.png,20260713T1140Z\composites_40\night_microphysics\20260713T1140Z_night_microphysics_03_jet.png
0071,2026-07-13 11:40 UTC,20260713T1140Z,night_microphysics,04_hsv,20260713T1140Z_night_microphysics_04_hsv.png,20260713T1140Z\composites_40\night_microphysics\20260713T1140Z_night_microphysics_04_hsv.png
0071,2026-07-13 11:40 UTC,20260713T1140Z,night_microphysics,05_inferno,20260713T1140Z_night_microphysics_05_inferno.png,20260713T1140Z\composites_40\night_microphysics\20260713T1140Z_night_microphysics_05_inferno.png
0071,2026-07-13 11:40 UTC,20260713T1140Z,night_microphysics,06_magma,20260713T1140Z_night_microphysics_06_magma.png,20260713T1140Z\composites_40\night_microphysics\20260713T1140Z_night_microphysics_06_magma.png
0071,2026-07-13 11:40 UTC,20260713T1140Z,night_microphysics,07_plasma,20260713T1140Z_night_microphysics_07_plasma.png,20260713T1140Z\composites_40\night_microphysics\20260713T1140Z_night_microphysics_07_plasma.png
0071,2026-07-13 11:40 UTC,20260713T1140Z,night_microphysics,08_viridis,20260713T1140Z_night_microphysics_08_viridis.png,20260713T1140Z\composites_40\night_microphysics\20260713T1140Z_night_microphysics_08_viridis.png
0071,2026-07-13 11:40 UTC,20260713T1140Z,night_microphysics,09_cividis,20260713T1140Z_night_microphysics_09_cividis.png,20260713T1140Z\composites_40\night_microphysics\20260713T1140Z_night_microphysics_09_cividis.png
0071,2026-07-13 11:40 UTC,20260713T1140Z,night_microphysics,10_spectral,20260713T1140Z_night_microphysics_10_spectral.png,20260713T1140Z\composites_40\night_microphysics\20260713T1140Z_night_microphysics_10_spectral.png
0071,2026-07-13 11:40 UTC,20260713T1140Z,night_microphysics,11_spectralr,20260713T1140Z_night_microphysics_11_spectralr.png,20260713T1140Z\composites_40\night_microphysics\20260713T1140Z_night_microphysics_11_spectralr.png
0071,2026-07-13 11:40 UTC,20260713T1140Z,night_microphysics,12_rdylbu,20260713T1140Z_night_microphysics_12_rdylbu.png,20260713T1140Z\composites_40\night_microphysics\20260713T1140Z_night_microphysics_12_rdylbu.png
0071,2026-07-13 11:40 UTC,20260713T1140Z,night_microphysics,13_rdylbur,20260713T1140Z_night_microphysics_13_rdylbur.png,20260713T1140Z\composites_40\night_microphysics\20260713T1140Z_night_microphysics_13_rdylbur.png
0071,2026-07-13 11:40 UTC,20260713T1140Z,night_microphysics,14_coolwarm,20260713T1140Z_night_microphysics_14_coolwarm.png,20260713T1140Z\composites_40\night_microphysics\20260713T1140Z_night_microphysics_14_coolwarm.png
0071,2026-07-13 11:40 UTC,20260713T1140Z,night_microphysics,15_bwr,20260713T1140Z_night_microphysics_15_bwr.png,20260713T1140Z\composites_40\night_microphysics\20260713T1140Z_night_microphysics_15_bwr.png
0071,2026-07-13 11:40 UTC,20260713T1140Z,night_microphysics,16_seismic,20260713T1140Z_night_microphysics_16_seismic.png,20260713T1140Z\composites_40\night_microphysics\20260713T1140Z_night_microphysics_16_seismic.png
0071,2026-07-13 11:40 UTC,20260713T1140Z,night_microphysics,17_ylorrd,20260713T1140Z_night_microphysics_17_ylorrd.png,20260713T1140Z\composites_40\night_microphysics\20260713T1140Z_night_microphysics_17_ylorrd.png
0071,2026-07-13 11:40 UTC,20260713T1140Z,night_microphysics,18_ylorrd_r,20260713T1140Z_night_microphysics_18_ylorrd_r.png,20260713T1140Z\composites_40\night_microphysics\20260713T1140Z_night_microphysics_18_ylorrd_r.png
0071,2026-07-13 11:40 UTC,20260713T1140Z,night_microphysics,19_hot,20260713T1140Z_night_microphysics_19_hot.png,20260713T1140Z\composites_40\night_microphysics\20260713T1140Z_night_microphysics_19_hot.png
0071,2026-07-13 11:40 UTC,20260713T1140Z,night_microphysics,20_hotr,20260713T1140Z_night_microphysics_20_hotr.png,20260713T1140Z\composites_40\night_microphysics\20260713T1140Z_night_microphysics_20_hotr.png
0071,2026-07-13 11:40 UTC,20260713T1140Z,night_microphysics,21_afmhot,20260713T1140Z_night_microphysics_21_afmhot.png,20260713T1140Z\composites_40\night_microphysics\20260713T1140Z_night_microphysics_21_afmhot.png
0071,2026-07-13 11:40 UTC,20260713T1140Z,night_microphysics,22_gist_heat,20260713T1140Z_night_microphysics_22_gist_heat.png,20260713T1140Z\composites_40\night_microphysics\20260713T1140Z_night_microphysics_22_gist_heat.png
0071,2026-07-13 11:40 UTC,20260713T1140Z,night_microphysics,23_copper,20260713T1140Z_night_microphysics_23_copper.png,20260713T1140Z\composites_40\night_microphysics\20260713T1140Z_night_microphysics_23_copper.png
0071,2026-07-13 11:40 UTC,20260713T1140Z,night_microphysics,24_autumn,20260713T1140Z_night_microphysics_24_autumn.png,20260713T1140Z\composites_40\night_microphysics\20260713T1140Z_night_microphysics_24_autumn.png
0071,2026-07-13 11:40 UTC,20260713T1140Z,night_microphysics,25_summer,20260713T1140Z_night_microphysics_25_summer.png,20260713T1140Z\composites_40\night_microphysics\20260713T1140Z_night_microphysics_25_summer.png
0071,2026-07-13 11:40 UTC,20260713T1140Z,night_microphysics,26_spring,20260713T1140Z_night_microphysics_26_spring.png,20260713T1140Z\composites_40\night_microphysics\20260713T1140Z_night_microphysics_26_spring.png
0071,2026-07-13 11:40 UTC,20260713T1140Z,night_microphysics,27_winter,20260713T1140Z_night_microphysics_27_winter.png,20260713T1140Z\composites_40\night_microphysics\20260713T1140Z_night_microphysics_27_winter.png
0071,2026-07-13 11:40 UTC,20260713T1140Z,night_microphysics,28_ocean,20260713T1140Z_night_microphysics_28_ocean.png,20260713T1140Z\composites_40\night_microphysics\20260713T1140Z_night_microphysics_28_ocean.png
0071,2026-07-13 11:40 UTC,20260713T1140Z,night_microphysics,29_terrain,20260713T1140Z_night_microphysics_29_terrain.png,20260713T1140Z\composites_40\night_microphysics\20260713T1140Z_night_microphysics_29_terrain.png
0071,2026-07-13 11:40 UTC,20260713T1140Z,night_microphysics,30_gist_earth,20260713T1140Z_night_microphysics_30_gist_earth.png,20260713T1140Z\composites_40\night_microphysics\20260713T1140Z_night_microphysics_30_gist_earth.png
0071,2026-07-13 11:40 UTC,20260713T1140Z,night_microphysics,31_gist_ncar,20260713T1140Z_night_microphysics_31_gist_ncar.png,20260713T1140Z\composites_40\night_microphysics\20260713T1140Z_night_microphysics_31_gist_ncar.png
0071,2026-07-13 11:40 UTC,20260713T1140Z,night_microphysics,32_gist_rainbow,20260713T1140Z_night_microphysics_32_gist_rainbow.png,20260713T1140Z\composites_40\night_microphysics\20260713T1140Z_night_microphysics_32_gist_rainbow.png
0071,2026-07-13 11:40 UTC,20260713T1140Z,night_microphysics,33_nipy_spectral,20260713T1140Z_night_microphysics_33_nipy_spectral.png,20260713T1140Z\composites_40\night_microphysics\20260713T1140Z_night_microphysics_33_nipy_spectral.png
0071,2026-07-13 11:40 UTC,20260713T1140Z,night_microphysics,34_turbo,20260713T1140Z_night_microphysics_34_turbo.png,20260713T1140Z\composites_40\night_microphysics\20260713T1140Z_night_microphysics_34_turbo.png
0071,2026-07-13 11:40 UTC,20260713T1140Z,night_microphysics,35_gnuplot,20260713T1140Z_night_microphysics_35_gnuplot.png,20260713T1140Z\composites_40\night_microphysics\20260713T1140Z_night_microphysics_35_gnuplot.png
0071,2026-07-13 11:40 UTC,20260713T1140Z,night_microphysics,36_gnuplot2,20260713T1140Z_night_microphysics_36_gnuplot2.png,20260713T1140Z\composites_40\night_microphysics\20260713T1140Z_night_microphysics_36_gnuplot2.png
0071,2026-07-13 11:40 UTC,20260713T1140Z,night_microphysics,37_cmrmap,20260713T1140Z_night_microphysics_37_cmrmap.png,20260713T1140Z\composites_40\night_microphysics\20260713T1140Z_night_microphysics_37_cmrmap.png
0071,2026-07-13 11:40 UTC,20260713T1140Z,night_microphysics,38_cubehelix,20260713T1140Z_night_microphysics_38_cubehelix.png,20260713T1140Z\composites_40\night_microphysics\20260713T1140Z_night_microphysics_38_cubehelix.png
0071,2026-07-13 11:40 UTC,20260713T1140Z,night_microphysics,39_brg,20260713T1140Z_night_microphysics_39_brg.png,20260713T1140Z\composites_40\night_microphysics\20260713T1140Z_night_microphysics_39_brg.png
0071,2026-07-13 11:40 UTC,20260713T1140Z,night_microphysics,40_tab20b,20260713T1140Z_night_microphysics_40_tab20b.png,20260713T1140Z\composites_40\night_microphysics\20260713T1140Z_night_microphysics_40_tab20b.png
